student_id,current_semester_gpa,previous_semester_gpa,cumulative_gpa,gpa_trend,credits_registered_current,credits_completed_current,total_credits_registered,total_credits_completed,credit_completion_rate,first_year_gpa,first_year_credits_completed,first_year_attendance_percent,first_year_dropout_risk,registration_date,registration_delay_days,registration_status,courses_withdrawn_ever,courses_withdrawn_current,total_course_withdrawals,semester_number,courses_failed_ever,courses_repeated,academic_standing,probation_status
1,9.06,,9.06,Stable,18,17,18,17,94.44,9.06,17,65.29,Low,2025-07-28,1,On Time,0,0,0,1,0,0,Excellent,No
2,6.71,,6.71,Stable,18,16,18,16,88.89,6.71,16,60.06,Medium,2025-07-28,1,On Time,0,1,1,1,1,1,Average,No
3,7.12,,7.12,Stable,20,17,20,17,85.0,7.12,17,92.84,Low,2025-07-27,0,On Time,0,0,0,1,0,0,Good,No
4,4.7,,4.7,Stable,18,14,18,14,77.78,4.7,14,86.59,High,2025-08-06,10,Very Late,0,0,0,1,3,0,Below Average,Yes
5,3.64,,3.64,Stable,24,12,24,12,50.0,3.64,12,83.75,High,2025-07-28,1,On Time,0,0,0,1,3,2,Poor,Yes
6,6.78,,6.78,Stable,20,17,20,17,85.0,6.78,17,60.64,Medium,2025-07-27,0,On Time,0,0,0,1,1,0,Average,No
7,7.85,,7.85,Declining,18,15,18,15,83.33,7.85,15,74.09,Low,2025-07-28,1,On Time,0,1,1,1,0,0,Good,No
8,4.81,,4.81,Stable,18,11,18,11,61.11,4.81,11,71.0,High,2025-07-27,0,On Time,0,0,0,1,4,2,Below Average,Yes
9,7.18,,7.18,Stable,20,17,20,17,85.0,7.18,17,68.06,Low,2025-07-27,0,On Time,0,0,0,1,0,0,Good,No
10,7.04,,7.04,Stable,24,20,24,20,83.33,7.04,20,93.89,Low,2025-07-27,0,On Time,0,0,0,1,0,0,Good,No
11,6.82,,6.82,Stable,18,17,18,17,94.44,6.82,17,91.06,Medium,2025-07-27,0,On Time,0,0,0,1,0,0,Average,No
12,4.4,,4.4,Stable,20,16,20,16,80.0,4.4,16,62.89,High,2025-07-28,1,On Time,0,0,0,1,1,1,Below Average,Yes
13,6.68,,6.68,Stable,24,21,24,21,87.5,6.68,21,93.29,Medium,2025-07-27,0,On Time,0,0,0,1,2,0,Average,No
14,6.45,,6.45,Stable,22,20,22,20,90.91,6.45,20,72.28,Medium,2025-07-27,0,On Time,0,0,0,1,1,1,Average,No
15,7.5,,7.5,Stable,22,17,22,17,77.27,7.5,17,69.85,Low,2025-08-11,15,Very Late,0,0,0,1,0,0,Good,No
16,6.54,,6.54,Declining,22,19,22,19,86.36,6.54,19,77.94,Medium,2025-07-27,0,On Time,0,0,0,1,2,1,Average,No
17,5.25,,5.25,Declining,24,17,24,17,70.83,5.25,17,86.67,Medium,2025-07-27,0,On Time,0,0,0,1,1,0,Below Average,No
18,6.45,,6.45,Stable,20,17,20,17,85.0,6.45,17,91.53,Medium,2025-07-27,0,On Time,0,0,0,1,0,0,Average,No
19,4.85,,4.85,Stable,22,16,22,16,72.73,4.85,16,75.36,High,2025-07-29,2,On Time,0,0,0,1,2,0,Below Average,Yes
20,9.1,,9.1,Improving,24,23,24,23,95.83,9.1,23,64.29,Low,2025-07-27,0,On Time,0,0,0,1,0,0,Excellent,No
21,6.13,,6.13,Stable,24,22,24,22,91.67,6.13,22,72.17,Medium,2025-07-27,0,On Time,0,0,0,1,1,1,Average,No
22,7.41,,7.41,Stable,18,14,18,14,77.78,7.41,14,66.45,Low,2025-07-27,0,On Time,0,0,0,1,0,0,Good,No
23,7.8,,7.8,Declining,18,14,18,14,77.78,7.8,14,84.15,Low,2025-08-03,7,Late,0,0,0,1,0,0,Good,No
24,5.74,,5.74,Declining,24,18,24,18,75.0,5.74,18,84.35,Medium,2025-07-27,0,On Time,0,0,0,1,0,0,Average,No
25,9.47,,9.47,Stable,20,19,20,19,95.0,9.47,19,77.21,Low,2025-08-11,15,Very Late,0,0,0,1,0,0,Excellent,No
26,6.49,,6.49,Declining,22,19,22,19,86.36,6.49,19,81.16,Medium,2025-07-28,1,On Time,0,0,0,1,2,2,Average,No
27,4.69,,4.69,Stable,22,14,22,14,63.64,4.69,14,81.42,High,2025-07-27,0,On Time,0,0,0,1,1,1,Below Average,Yes
28,7.66,,7.66,Stable,20,18,20,18,90.0,7.66,18,64.91,Low,2025-07-27,0,On Time,0,0,0,1,1,1,Good,No
29,5.06,,5.06,Improving,20,16,20,16,80.0,5.06,16,72.02,Medium,2025-07-27,0,On Time,0,1,1,1,0,0,Below Average,No
30,5.25,,5.25,Improving,22,17,22,17,77.27,5.25,17,89.4,Medium,2025-08-03,7,Late,0,1,1,1,0,0,Below Average,No
31,5.65,6.77,6.32,Declining,20,16,40,32,80.0,5.65,16,73.42,Medium,2025-07-29,2,On Time,1,0,1,2,0,0,Average,No
32,7.82,7.7,7.75,Stable,24,19,48,39,81.25,7.82,19,85.57,Low,2025-08-11,15,Very Late,1,0,1,2,1,1,Good,No
33,4.71,5.99,5.48,Declining,20,16,40,33,82.5,4.71,16,76.61,High,2025-07-27,0,On Time,1,0,1,2,2,2,Below Average,No
34,6.06,5.85,5.93,Stable,22,14,44,29,65.91,6.06,14,85.46,Medium,2025-07-28,1,On Time,0,0,0,2,0,0,Average,No
35,6.87,7.43,7.21,Declining,18,16,36,33,91.67,6.87,16,75.9,Medium,2025-07-27,0,On Time,0,0,0,2,0,0,Good,No
36,5.04,6.37,5.84,Declining,20,16,40,33,82.5,5.04,16,84.59,Medium,2025-07-27,0,On Time,1,0,1,2,2,1,Average,No
37,6.94,5.95,6.35,Improving,20,18,40,36,90.0,6.94,18,93.28,Medium,2025-07-27,0,On Time,2,0,2,2,0,0,Average,No
38,6.28,6.25,6.26,Stable,18,15,36,30,83.33,6.28,15,85.16,Medium,2025-07-29,2,On Time,1,0,1,2,1,1,Average,No
39,7.37,7.47,7.43,Stable,18,15,36,31,86.11,7.37,15,66.67,Low,2025-08-06,10,Very Late,0,0,0,2,0,0,Good,No
40,7.32,6.78,7.0,Improving,24,20,48,41,85.42,7.32,20,74.07,Low,2025-07-27,0,On Time,0,0,0,2,1,0,Good,No
41,8.19,7.99,8.07,Stable,20,19,40,38,95.0,8.19,19,72.07,Low,2025-07-28,1,On Time,0,0,0,2,0,0,Good,No
42,6.2,5.24,5.62,Improving,20,13,40,27,67.5,6.2,13,62.83,Medium,2025-07-30,3,Late,1,0,1,2,1,0,Average,No
43,5.75,6.03,5.92,Stable,20,16,40,33,82.5,5.75,16,86.66,Medium,2025-07-28,1,On Time,0,0,0,2,1,1,Average,No
44,8.15,7.48,7.75,Improving,24,22,48,45,93.75,8.15,22,90.44,Low,2025-07-28,1,On Time,0,0,0,2,0,0,Good,No
45,5.97,6.95,6.56,Declining,24,21,48,42,87.5,5.97,21,67.99,Medium,2025-08-01,5,Late,0,0,0,2,0,0,Average,No
46,5.25,5.19,5.21,Stable,20,15,40,31,77.5,5.25,15,62.37,Medium,2025-07-29,2,On Time,1,0,1,2,1,0,Below Average,No
47,8.69,7.48,7.96,Improving,18,16,36,32,88.89,8.69,16,79.35,Low,2025-08-11,15,Very Late,1,0,1,2,0,0,Good,No
48,4.58,5.8,5.31,Declining,18,12,36,25,69.44,4.58,12,62.38,High,2025-08-03,7,Late,0,0,0,2,0,0,Below Average,No
49,6.54,6.78,6.68,Stable,18,15,36,30,83.33,6.54,15,71.34,Medium,2025-07-27,0,On Time,1,0,1,2,2,1,Average,No
50,7.68,6.77,7.13,Improving,20,18,40,37,92.5,7.68,18,81.31,Low,2025-07-28,1,On Time,1,0,1,2,0,0,Good,No
51,7.36,7.26,7.3,Stable,22,19,44,38,86.36,7.36,19,74.11,Low,2025-08-03,7,Late,0,0,0,2,1,0,Good,No
52,6.44,7.21,6.9,Declining,18,16,36,32,88.89,6.44,16,72.11,Medium,2025-07-27,0,On Time,1,0,1,2,2,0,Average,No
53,4.72,5.86,5.4,Declining,22,16,44,33,75.0,4.72,16,64.31,High,2025-07-27,0,On Time,0,0,0,2,1,0,Below Average,No
54,5.87,5.92,5.9,Stable,22,16,44,32,72.73,5.87,16,91.67,Medium,2025-07-27,0,On Time,1,1,2,2,1,1,Average,No
55,5.18,5.44,5.34,Stable,20,13,40,26,65.0,5.18,13,89.69,Medium,2025-07-27,0,On Time,0,0,0,2,2,2,Below Average,No
56,7.43,7.38,7.4,Stable,20,17,40,35,87.5,7.43,17,63.84,Low,2025-07-28,1,On Time,0,1,1,2,0,0,Good,No
57,5.41,5.53,5.48,Stable,18,15,36,30,83.33,5.41,15,65.0,Medium,2025-07-30,3,Late,0,0,0,2,1,1,Below Average,No
58,4.61,5.15,4.93,Declining,18,14,36,29,80.56,4.61,14,82.05,High,2025-08-06,10,Very Late,1,0,1,2,3,2,Below Average,Yes
59,5.34,5.59,5.49,Stable,20,16,40,33,82.5,5.34,16,78.5,Medium,2025-08-03,7,Late,0,0,0,2,1,1,Below Average,No
60,6.4,7.77,7.22,Declining,24,21,48,43,89.58,6.4,21,63.42,Medium,2025-08-03,7,Late,0,0,0,2,0,0,Good,No
61,6.78,5.43,5.97,Improving,20,13,60,39,65.0,5.63,42,76.45,Low,2025-08-01,5,Late,1,0,1,3,0,0,Average,No
62,7.26,5.95,6.47,Improving,18,16,54,50,92.59,6.84,44,75.59,Low,2025-08-06,10,Very Late,0,0,0,3,2,2,Average,No
63,8.38,8.5,8.45,Stable,22,21,66,65,98.48,8.64,44,91.64,Low,2025-07-27,0,On Time,0,0,0,3,0,0,Good,No
64,6.52,7.71,7.23,Declining,24,21,72,65,90.28,7.27,44,90.16,Low,2025-08-03,7,Late,0,0,0,3,0,0,Good,No
65,5.95,6.51,6.29,Declining,18,16,54,50,92.59,5.32,36,71.93,Low,2025-07-27,0,On Time,0,0,0,3,0,0,Average,No
66,6.2,5.66,5.88,Improving,18,11,54,33,61.11,5.63,38,72.07,Low,2025-07-27,0,On Time,0,0,0,3,0,0,Average,No
67,8.56,7.84,8.13,Improving,18,17,54,51,94.44,7.34,42,76.21,Low,2025-07-27,0,On Time,0,0,0,3,0,0,Good,No
68,6.94,8.06,7.61,Declining,24,20,72,61,84.72,6.89,40,85.42,Low,2025-07-27,0,On Time,0,0,0,3,0,0,Good,No
69,7.16,5.92,6.42,Improving,24,20,72,62,86.11,5.68,38,89.58,Low,2025-07-29,2,On Time,0,0,0,3,0,0,Average,No
70,8.92,7.62,8.14,Improving,20,19,60,57,95.0,8.2,38,85.86,Low,2025-07-27,0,On Time,0,0,0,3,0,0,Good,No
71,7.09,7.38,7.26,Stable,22,19,66,57,86.36,7.49,44,81.04,Low,2025-07-27,0,On Time,0,0,0,3,1,1,Good,No
72,6.91,7.65,7.35,Declining,18,16,54,50,92.59,6.41,42,89.74,Low,2025-07-27,0,On Time,0,0,0,3,0,0,Good,No
73,7.39,5.97,6.54,Improving,22,19,66,58,87.88,5.71,36,88.58,Low,2025-08-03,7,Late,0,0,0,3,0,0,Average,No
74,6.69,6.78,6.74,Stable,20,16,60,48,80.0,6.41,40,71.01,Low,2025-07-27,0,On Time,0,0,0,3,0,0,Average,No
75,6.79,5.86,6.23,Improving,20,16,60,49,81.67,6.44,40,66.23,Low,2025-07-27,0,On Time,1,0,1,3,0,0,Average,No
76,7.23,6.24,6.64,Improving,18,16,54,49,90.74,6.07,40,89.12,Low,2025-08-03,7,Late,0,0,0,3,1,1,Average,No
77,6.26,6.88,6.63,Declining,24,19,72,57,79.17,6.67,42,86.07,Low,2025-07-28,1,On Time,0,0,0,3,0,0,Average,No
78,4.72,5.34,5.09,Declining,22,15,66,46,69.7,5.3,36,87.19,Low,2025-07-28,1,On Time,0,0,0,3,2,1,Below Average,No
79,5.42,6.8,6.25,Declining,24,21,72,63,87.5,5.93,36,72.86,Low,2025-07-27,0,On Time,0,0,0,3,1,1,Average,No
80,6.98,8.09,7.65,Declining,22,20,66,61,92.42,8.11,42,91.58,Low,2025-08-01,5,Late,0,0,0,3,0,0,Good,No
81,7.93,7.9,7.91,Stable,22,20,66,62,93.94,8.12,36,76.34,Low,2025-07-27,0,On Time,0,0,0,3,0,0,Good,No
82,6.33,6.34,6.34,Stable,20,17,60,51,85.0,6.47,36,71.55,Low,2025-08-03,7,Late,1,0,1,3,0,0,Average,No
83,4.8,5.89,5.45,Declining,18,14,54,42,77.78,5.3,42,94.67,Low,2025-07-27,0,On Time,1,0,1,3,1,1,Below Average,No
84,4.63,5.46,5.13,Declining,22,16,66,49,74.24,5.02,36,77.92,Low,2025-07-28,1,On Time,2,0,2,3,2,0,Below Average,No
85,8.38,8.31,8.34,Stable,22,21,66,65,98.48,8.05,40,78.72,Low,2025-07-27,0,On Time,0,0,0,3,0,0,Good,No
86,6.31,5.4,5.76,Improving,18,13,54,41,75.93,6.16,40,78.68,Low,2025-07-30,3,Late,0,0,0,3,1,1,Average,No
87,5.58,5.64,5.62,Stable,20,13,60,39,65.0,5.13,40,68.61,Low,2025-08-06,10,Very Late,1,0,1,3,0,0,Average,No
88,6.54,5.09,5.67,Improving,20,16,80,67,83.75,4.83,36,82.09,Low,2025-07-27,0,On Time,0,0,0,4,1,0,Average,No
89,5.21,5.5,5.38,Stable,24,15,96,61,63.54,4.46,40,78.21,Low,2025-07-27,0,On Time,1,0,1,4,2,0,Below Average,No
90,5.95,5.78,5.85,Stable,22,17,88,71,80.68,5.91,40,80.7,Low,2025-07-27,0,On Time,0,0,0,4,2,0,Average,No
91,4.43,5.73,5.21,Declining,18,14,72,58,80.56,4.54,40,65.36,Low,2025-07-27,0,On Time,0,0,0,4,0,0,Below Average,No
92,8.2,7.22,7.61,Improving,22,17,88,70,79.55,7.93,44,84.79,Low,2025-07-27,0,On Time,0,0,0,4,0,0,Good,No
93,7.77,6.94,7.27,Improving,20,17,80,69,86.25,7.39,42,81.15,Low,2025-07-27,0,On Time,0,0,0,4,0,0,Good,No
94,7.49,6.94,7.16,Improving,18,16,72,67,93.06,6.92,36,79.92,Low,2025-07-27,0,On Time,0,0,0,4,0,0,Good,No
95,4.8,6.04,5.54,Declining,24,19,96,78,81.25,4.68,38,92.74,Low,2025-08-03,7,Late,1,0,1,4,1,1,Average,No
96,7.69,6.48,6.96,Improving,20,17,80,68,85.0,6.46,42,73.85,Low,2025-07-27,0,On Time,0,0,0,4,0,0,Average,No
97,5.57,5.33,5.43,Stable,18,11,72,45,62.5,4.68,44,66.24,Low,2025-08-01,5,Late,0,0,0,4,0,0,Below Average,No
98,6.86,5.8,6.22,Improving,24,20,96,80,83.33,6.58,36,77.83,Low,2025-07-27,0,On Time,1,0,1,4,0,0,Average,No
99,4.81,5.98,5.51,Declining,20,14,80,58,72.5,4.61,42,88.62,Low,2025-07-28,1,On Time,0,0,0,4,0,0,Average,No
100,7.63,6.29,6.83,Improving,18,16,72,65,90.28,6.89,40,94.71,Low,2025-07-27,0,On Time,1,0,1,4,0,0,Average,No
101,7.26,7.17,7.21,Stable,22,18,88,75,85.23,7.56,36,70.78,Low,2025-07-29,2,On Time,0,0,0,4,0,0,Good,No
102,6.95,5.85,6.29,Improving,18,14,72,59,81.94,5.55,38,77.18,Low,2025-07-27,0,On Time,1,0,1,4,0,0,Average,No
103,6.45,6.28,6.35,Stable,18,16,72,64,88.89,6.33,38,92.2,Low,2025-07-27,0,On Time,0,0,0,4,1,0,Average,No
104,5.4,5.61,5.53,Stable,22,18,88,72,81.82,5.58,38,65.38,Low,2025-07-27,0,On Time,0,0,0,4,0,0,Average,No
105,7.21,6.99,7.08,Stable,20,16,80,67,83.75,6.87,42,87.36,Low,2025-07-28,1,On Time,0,0,0,4,1,0,Good,No
106,6.78,6.87,6.83,Stable,24,21,96,86,89.58,6.69,38,92.48,Low,2025-08-01,5,Late,1,1,2,4,0,0,Average,No
107,7.52,7.02,7.22,Improving,18,16,72,64,88.89,7.24,44,66.97,Low,2025-07-29,2,On Time,1,0,1,4,0,0,Good,No
108,6.8,6.84,6.82,Stable,20,18,80,75,93.75,6.33,40,82.99,Low,2025-07-27,0,On Time,1,0,1,4,0,0,Average,No
109,5.97,5.81,5.87,Stable,18,14,72,58,80.56,5.98,36,80.18,Low,2025-07-27,0,On Time,1,0,1,4,0,0,Average,No
110,5.54,6.18,5.92,Declining,18,12,72,50,69.44,5.27,36,89.26,Low,2025-07-29,2,On Time,0,0,0,4,1,1,Average,No
111,7.57,7.47,7.51,Stable,24,22,96,90,93.75,6.7,38,88.92,Low,2025-07-27,0,On Time,0,0,0,4,0,0,Good,No
112,6.91,7.59,7.32,Declining,22,17,88,71,80.68,6.94,40,75.6,Low,2025-07-27,0,On Time,0,1,1,4,0,0,Good,No
113,7.61,7.44,7.51,Stable,24,22,96,90,93.75,6.91,42,84.64,Low,2025-07-30,3,Late,0,0,0,4,0,0,Good,No
114,8.89,7.67,8.16,Improving,20,19,80,79,98.75,8.55,44,66.92,Low,2025-07-29,2,On Time,0,0,0,4,0,0,Good,No
115,6.85,7.03,6.96,Stable,18,15,72,61,84.72,7.29,44,74.91,Low,2025-07-27,0,On Time,0,0,0,4,0,0,Average,No
116,6.63,6.73,6.69,Stable,22,19,110,95,86.36,6.09,40,84.9,Low,2025-08-01,5,Late,0,0,0,5,0,0,Average,No
117,7.39,5.96,6.53,Improving,20,17,100,89,89.0,7.02,36,83.38,Low,2025-07-27,0,On Time,1,0,1,5,1,0,Average,No
118,8.18,7.45,7.74,Improving,18,15,90,77,85.56,8.16,44,78.56,Low,2025-07-27,0,On Time,0,0,0,5,0,0,Good,No
119,5.55,6.97,6.4,Declining,20,17,100,85,85.0,6.08,38,85.66,Low,2025-08-03,7,Late,1,0,1,5,1,1,Average,No
120,7.92,7.99,7.96,Stable,18,15,90,77,85.56,7.64,40,73.66,Low,2025-07-27,0,On Time,0,0,0,5,0,0,Good,No
121,7.23,7.5,7.39,Stable,18,15,90,79,87.78,6.56,42,90.87,Low,2025-07-27,0,On Time,0,0,0,5,0,0,Good,No
122,6.23,6.05,6.12,Stable,24,19,120,98,81.67,5.4,36,82.62,Low,2025-08-03,7,Late,2,0,2,5,0,0,Average,No
123,6.75,7.94,7.46,Declining,22,19,110,99,90.0,6.88,36,72.97,Low,2025-07-28,1,On Time,0,0,0,5,0,0,Good,No
124,8.06,8.34,8.23,Stable,18,17,90,87,96.67,7.97,36,89.52,Low,2025-07-29,2,On Time,0,0,0,5,0,0,Good,No
125,6.93,6.07,6.41,Improving,18,16,90,81,90.0,6.82,40,66.68,Low,2025-07-28,1,On Time,1,0,1,5,0,0,Average,No
126,7.76,6.95,7.27,Improving,24,22,120,113,94.17,6.79,40,74.78,Low,2025-08-01,5,Late,0,0,0,5,0,0,Good,No
127,6.97,5.58,6.14,Improving,24,22,120,110,91.67,6.04,36,68.39,Low,2025-07-27,0,On Time,0,0,0,5,2,1,Average,No
128,7.71,7.76,7.74,Stable,24,21,120,109,90.83,7.35,40,91.53,Low,2025-07-28,1,On Time,0,0,0,5,0,0,Good,No
129,6.99,7.81,7.48,Declining,22,19,110,96,87.27,6.55,38,77.07,Low,2025-07-27,0,On Time,0,0,0,5,0,0,Good,No
130,5.48,6.7,6.21,Declining,18,15,90,79,87.78,5.99,44,94.09,Low,2025-07-28,1,On Time,0,0,0,5,0,0,Average,No
131,6.35,6.13,6.22,Stable,24,22,120,113,94.17,6.48,36,72.88,Low,2025-07-27,0,On Time,0,0,0,5,1,0,Average,No
132,5.0,4.73,4.84,Stable,18,10,90,54,60.0,4.17,38,86.62,Low,2025-07-30,3,Late,1,0,1,5,2,1,Below Average,Yes
133,6.57,5.81,6.11,Improving,20,18,100,93,93.0,6.15,42,65.88,Low,2025-07-29,2,On Time,0,0,0,5,1,1,Average,No
134,6.5,6.65,6.59,Stable,20,16,100,81,81.0,5.67,44,94.64,Low,2025-07-28,1,On Time,0,0,0,5,0,0,Average,No
135,5.49,5.75,5.65,Stable,22,16,110,80,72.73,5.06,40,65.79,Low,2025-07-27,0,On Time,0,0,0,5,1,1,Average,No
136,5.88,6.88,6.48,Declining,24,19,120,96,80.0,6.79,38,89.53,Low,2025-07-27,0,On Time,1,0,1,5,1,1,Average,No
137,7.69,7.65,7.67,Stable,24,19,120,96,80.0,7.12,44,78.16,Low,2025-07-28,1,On Time,1,0,1,5,1,0,Good,No
138,5.54,5.61,5.58,Stable,20,12,100,63,63.0,5.7,44,81.76,Low,2025-07-27,0,On Time,0,0,0,5,0,0,Average,No
139,7.16,7.11,7.13,Stable,20,16,100,83,83.0,6.62,44,68.95,Low,2025-07-28,1,On Time,0,0,0,5,0,0,Good,No
140,5.33,5.25,5.28,Stable,18,12,90,61,67.78,5.76,38,87.86,Low,2025-08-01,5,Late,2,0,2,5,0,0,Below Average,No
141,8.26,7.06,7.54,Improving,18,15,108,93,86.11,7.33,44,89.26,Low,2025-08-03,7,Late,0,0,0,6,0,0,Good,No
142,7.78,7.79,7.79,Stable,22,18,132,110,83.33,6.84,38,70.1,Low,2025-08-16,20,Very Late,0,0,0,6,0,0,Good,No
143,7.15,7.13,7.14,Stable,22,20,132,120,90.91,6.32,36,70.12,Low,2025-07-27,0,On Time,0,0,0,6,0,0,Good,No
144,5.13,6.41,5.9,Declining,24,18,144,109,75.69,5.12,42,75.13,Low,2025-07-27,0,On Time,1,0,1,6,2,2,Average,No
145,7.77,7.15,7.4,Improving,22,20,132,122,92.42,7.41,38,78.35,Low,2025-07-27,0,On Time,0,0,0,6,0,0,Good,No
146,6.6,5.38,5.87,Improving,18,14,108,89,82.41,6.31,44,93.84,Low,2025-07-28,1,On Time,1,0,1,6,0,0,Average,No
147,6.24,7.58,7.04,Declining,18,16,108,100,92.59,6.25,42,70.72,Low,2025-07-27,0,On Time,1,0,1,6,0,0,Good,No
148,7.79,7.16,7.41,Improving,18,14,108,87,80.56,7.22,36,88.7,Low,2025-07-27,0,On Time,0,0,0,6,0,0,Good,No
149,4.26,5.11,4.77,Declining,18,15,108,90,83.33,4.78,44,91.4,Low,2025-08-03,7,Late,0,0,0,6,3,0,Below Average,Yes
150,6.76,8.1,7.56,Declining,18,14,108,88,81.48,6.94,42,91.55,Low,2025-07-27,0,On Time,0,0,0,6,0,0,Good,No
151,7.37,6.05,6.58,Improving,20,18,120,110,91.67,6.32,38,69.5,Low,2025-08-01,5,Late,0,0,0,6,0,0,Average,No
152,6.57,6.44,6.49,Stable,18,16,108,101,93.52,6.14,36,79.94,Low,2025-07-27,0,On Time,0,0,0,6,0,0,Average,No
153,4.81,5.68,5.33,Declining,22,14,132,85,64.39,4.75,44,92.74,Low,2025-07-27,0,On Time,0,0,0,6,1,1,Below Average,No
154,5.95,5.81,5.87,Stable,22,17,132,102,77.27,5.09,36,84.92,Low,2025-07-27,0,On Time,1,0,1,6,0,0,Average,No
155,6.83,5.44,6.0,Improving,20,18,120,111,92.5,5.34,42,78.2,Low,2025-07-27,0,On Time,1,0,1,6,0,0,Average,No
156,7.78,7.83,7.81,Stable,22,19,132,117,88.64,7.06,40,70.6,Low,2025-07-27,0,On Time,0,0,0,6,0,0,Good,No
157,7.31,6.79,7.0,Improving,20,17,120,107,89.17,6.97,40,83.0,Low,2025-07-27,0,On Time,0,0,0,6,0,0,Good,No
158,6.71,7.01,6.89,Stable,20,18,120,112,93.33,6.08,40,68.22,Low,2025-07-28,1,On Time,0,0,0,6,0,0,Average,No
159,6.66,6.96,6.84,Stable,20,16,120,101,84.17,7.22,36,94.17,Low,2025-07-27,0,On Time,0,0,0,6,1,1,Average,No
160,5.43,6.2,5.89,Declining,20,12,120,75,62.5,5.62,36,71.27,Low,2025-07-30,3,Late,0,0,0,6,2,2,Average,No
161,5.3,5.43,5.38,Stable,20,16,120,96,80.0,4.57,38,85.75,Low,2025-07-27,0,On Time,0,0,0,6,1,0,Below Average,No
162,6.58,6.65,6.62,Stable,24,20,144,123,85.42,5.68,38,74.56,Low,2025-07-27,0,On Time,1,0,1,6,0,0,Average,No
163,6.85,7.86,7.46,Declining,18,16,108,99,91.67,6.48,38,77.55,Low,2025-07-28,1,On Time,0,0,0,6,0,0,Good,No
164,6.21,6.21,6.21,Stable,24,20,144,122,84.72,5.27,44,66.13,Low,2025-08-01,5,Late,0,0,0,6,1,1,Average,No
165,6.98,6.82,6.88,Stable,24,20,144,122,84.72,6.68,44,94.66,Low,2025-08-11,15,Very Late,0,0,0,6,0,0,Average,No
166,7.96,6.75,7.23,Improving,22,20,154,140,90.91,7.28,42,90.66,Low,2025-07-27,0,On Time,0,0,0,7,1,1,Good,No
167,8.72,7.91,8.23,Improving,22,21,154,149,96.75,8.52,44,75.56,Low,2025-07-28,1,On Time,0,0,0,7,0,0,Good,No
168,5.93,7.17,6.67,Declining,20,16,140,114,81.43,6.04,44,71.29,Low,2025-07-27,0,On Time,0,0,0,7,0,0,Average,No
169,7.44,7.48,7.46,Stable,18,15,126,107,84.92,7.42,42,82.25,Low,2025-07-27,0,On Time,0,0,0,7,0,0,Good,No
170,5.11,5.84,5.55,Declining,22,17,154,121,78.57,4.71,36,94.31,Low,2025-07-29,2,On Time,0,0,0,7,2,1,Average,No
171,5.37,6.22,5.88,Declining,20,15,140,106,75.71,6.17,36,74.0,Low,2025-08-01,5,Late,0,0,0,7,0,0,Average,No
172,6.31,5.15,5.61,Improving,22,18,154,130,84.42,4.64,44,90.56,Low,2025-08-03,7,Late,0,0,0,7,2,0,Average,No
173,8.83,7.74,8.18,Improving,20,19,140,134,95.71,8.68,36,70.82,Low,2025-07-27,0,On Time,0,0,0,7,0,0,Good,No
174,7.36,7.52,7.46,Stable,22,19,154,136,88.31,6.65,40,76.83,Low,2025-07-27,0,On Time,0,0,0,7,0,0,Good,No
175,6.58,6.43,6.49,Stable,22,20,154,145,94.16,6.03,44,74.11,Low,2025-08-01,5,Late,0,0,0,7,0,0,Average,No
176,8.6,7.77,8.1,Improving,20,19,140,134,95.71,7.63,38,72.82,Low,2025-07-27,0,On Time,0,0,0,7,0,0,Good,No
177,4.24,5.73,5.13,Declining,24,17,168,124,73.81,5.44,36,74.87,Low,2025-07-29,2,On Time,0,0,0,7,2,2,Below Average,No
178,5.5,5.55,5.53,Stable,24,19,168,138,82.14,5.6,40,76.2,Low,2025-07-27,0,On Time,0,0,0,7,1,1,Average,No
179,4.9,6.13,5.64,Declining,20,14,140,99,70.71,5.34,44,73.37,Low,2025-07-29,2,On Time,1,0,1,7,0,0,Average,No
180,5.32,6.07,5.77,Declining,24,15,168,108,64.29,6.04,40,66.96,Low,2025-07-27,0,On Time,0,0,0,7,1,0,Average,No
181,8.48,8.4,8.43,Stable,20,19,140,138,98.57,8.44,40,90.16,Low,2025-07-28,1,On Time,0,0,0,7,0,0,Good,No
182,7.28,6.98,7.1,Stable,22,20,154,141,91.56,6.95,36,83.1,Low,2025-07-30,3,Late,0,0,0,7,0,0,Good,No
183,8.42,8.16,8.26,Stable,18,17,126,121,96.03,7.43,36,66.96,Low,2025-07-29,2,On Time,0,0,0,7,0,0,Good,No
184,7.2,7.27,7.24,Stable,18,16,126,117,92.86,7.17,42,93.39,Low,2025-07-30,3,Late,0,0,0,7,0,0,Good,No
185,6.53,6.33,6.41,Stable,24,21,168,151,89.88,6.05,40,74.48,Low,2025-08-03,7,Late,1,0,1,7,1,1,Average,No
186,5.45,5.47,5.46,Stable,22,16,154,113,73.38,5.25,44,73.81,Low,2025-07-27,0,On Time,0,0,0,7,0,0,Below Average,No
187,8.07,7.96,8.0,Stable,18,17,126,125,99.21,7.07,40,79.41,Low,2025-07-27,0,On Time,0,0,0,7,0,0,Good,No
188,7.04,7.3,7.2,Stable,20,17,160,139,86.88,6.91,38,66.79,Low,2025-07-28,1,On Time,1,0,1,8,0,0,Good,No
189,7.37,6.2,6.67,Improving,18,16,144,135,93.75,6.85,40,83.93,Low,2025-07-28,1,On Time,1,0,1,8,0,0,Average,No
190,6.44,7.94,7.34,Declining,20,16,160,133,83.12,7.17,42,85.26,Low,2025-07-27,0,On Time,1,0,1,8,0,0,Good,No
191,6.8,7.88,7.45,Declining,18,17,144,136,94.44,7.38,42,93.16,Low,2025-07-30,3,Late,0,0,0,8,0,0,Good,No
192,7.06,5.95,6.39,Improving,18,15,144,122,84.72,6.37,36,69.74,Low,2025-08-01,5,Late,2,0,2,8,1,0,Average,No
193,4.6,5.7,5.26,Declining,22,14,176,114,64.77,4.78,42,80.57,Low,2025-07-27,0,On Time,0,0,0,8,2,2,Below Average,No
194,5.62,5.57,5.59,Stable,22,15,176,124,70.45,5.18,36,85.13,Low,2025-07-29,2,On Time,1,1,2,8,0,0,Average,No
195,5.48,5.28,5.36,Stable,18,12,144,102,70.83,5.67,44,79.39,Low,2025-07-27,0,On Time,0,0,0,8,1,1,Below Average,No
196,8.56,7.37,7.85,Improving,18,14,144,116,80.56,8.06,38,72.49,Low,2025-07-27,0,On Time,0,0,0,8,0,0,Good,No
197,6.59,7.91,7.38,Declining,18,16,144,132,91.67,7.02,40,80.6,Low,2025-07-27,0,On Time,0,0,0,8,0,0,Good,No
198,6.78,6.98,6.9,Stable,22,17,176,143,81.25,7.3,38,90.33,Low,2025-08-03,7,Late,1,0,1,8,1,1,Average,No
199,7.74,7.71,7.72,Stable,22,20,176,160,90.91,6.9,42,73.09,Low,2025-07-29,2,On Time,1,0,1,8,0,0,Good,No
200,5.61,5.55,5.57,Stable,24,14,192,115,59.9,4.93,36,80.23,Low,2025-08-03,7,Late,0,1,1,8,0,0,Average,No
201,5.1,4.85,4.95,Stable,18,14,144,112,77.78,4.41,42,68.57,Low,2025-07-27,0,On Time,0,0,0,8,4,2,Below Average,Yes
202,7.35,7.36,7.36,Stable,20,16,160,129,80.62,7.78,36,71.2,Low,2025-07-27,0,On Time,0,0,0,8,0,0,Good,No
203,7.45,7.62,7.55,Stable,22,18,176,149,84.66,6.86,38,78.86,Low,2025-07-27,0,On Time,0,0,0,8,0,0,Good,No
204,8.4,6.97,7.54,Improving,22,20,176,160,90.91,7.21,36,66.15,Low,2025-07-28,1,On Time,1,0,1,8,0,0,Good,No
205,6.49,7.23,6.93,Declining,18,16,144,135,93.75,6.78,38,94.1,Low,2025-07-27,0,On Time,1,0,1,8,0,0,Average,No
206,5.43,6.61,6.14,Declining,20,17,160,141,88.12,5.45,40,83.92,Low,2025-07-29,2,On Time,1,0,1,8,1,1,Average,No
207,7.99,7.05,7.43,Improving,24,20,192,162,84.38,7.52,38,74.07,Low,2025-07-27,0,On Time,0,0,0,8,0,0,Good,No
208,7.52,7.64,7.59,Stable,24,22,192,178,92.71,7.55,36,78.29,Low,2025-07-27,0,On Time,0,0,0,8,0,0,Good,No
209,6.62,5.63,6.03,Improving,18,15,144,125,86.81,5.07,36,76.99,Low,2025-07-28,1,On Time,1,0,1,8,1,0,Average,No
210,5.53,6.56,6.15,Declining,22,18,176,151,85.8,5.72,40,91.35,Low,2025-07-27,0,On Time,1,1,2,8,0,0,Average,No
211,6.91,,6.91,Stable,22,17,22,17,77.27,6.91,17,94.45,Medium,2025-07-27,0,On Time,0,0,0,1,0,0,Average,No
212,4.89,,4.89,Improving,20,12,20,12,60.0,4.89,12,61.13,High,2025-07-30,3,Late,0,0,0,1,4,1,Below Average,Yes
213,7.27,,7.27,Stable,18,16,18,16,88.89,7.27,16,60.11,Low,2025-07-27,0,On Time,0,0,0,1,0,0,Good,No
214,4.36,,4.36,Stable,22,18,22,18,81.82,4.36,18,71.99,High,2025-07-30,3,Late,0,0,0,1,0,0,Below Average,Yes
215,5.05,,5.05,Improving,22,14,22,14,63.64,5.05,14,87.99,Medium,2025-07-27,0,On Time,0,0,0,1,2,2,Below Average,No
216,5.53,,5.53,Improving,20,14,20,14,70.0,5.53,14,92.32,Medium,2025-07-29,2,On Time,0,1,1,1,1,0,Average,No
217,6.8,,6.8,Stable,24,22,24,22,91.67,6.8,22,76.59,Medium,2025-08-03,7,Late,0,0,0,1,2,1,Average,No
218,9.73,,9.73,Improving,20,19,20,19,95.0,9.73,19,63.0,Low,2025-07-30,3,Late,0,0,0,1,0,0,Excellent,No
219,5.4,,5.4,Stable,24,14,24,14,58.33,5.4,14,65.18,Medium,2025-07-27,0,On Time,0,0,0,1,2,1,Below Average,No
220,6.7,,6.7,Improving,20,17,20,17,85.0,6.7,17,94.36,Medium,2025-08-01,5,Late,0,0,0,1,1,1,Average,No
221,5.86,,5.86,Declining,22,15,22,15,68.18,5.86,15,84.43,Medium,2025-07-27,0,On Time,0,1,1,1,0,0,Average,No
222,6.15,,6.15,Declining,24,19,24,19,79.17,6.15,19,91.99,Medium,2025-07-27,0,On Time,0,1,1,1,1,1,Average,No
223,6.35,,6.35,Declining,18,16,18,16,88.89,6.35,16,74.37,Medium,2025-07-28,1,On Time,0,1,1,1,0,0,Average,No
224,4.31,,4.31,Stable,24,14,24,14,58.33,4.31,14,70.09,High,2025-07-30,3,Late,0,0,0,1,3,0,Below Average,Yes
225,9.18,,9.18,Declining,20,19,20,19,95.0,9.18,19,82.2,Low,2025-07-28,1,On Time,0,0,0,1,0,0,Excellent,No
226,8.75,,8.75,Stable,22,21,22,21,95.45,8.75,21,67.88,Low,2025-07-27,0,On Time,0,0,0,1,0,0,Excellent,No
227,5.32,,5.32,Stable,18,13,18,13,72.22,5.32,13,60.5,Medium,2025-07-28,1,On Time,0,0,0,1,0,0,Below Average,No
228,6.04,,6.04,Improving,20,16,20,16,80.0,6.04,16,76.36,Medium,2025-07-30,3,Late,0,0,0,1,0,0,Average,No
229,6.61,,6.61,Declining,24,21,24,21,87.5,6.61,21,80.83,Medium,2025-07-27,0,On Time,0,0,0,1,2,1,Average,No
230,7.29,,7.29,Stable,22,18,22,18,81.82,7.29,18,68.33,Low,2025-07-27,0,On Time,0,0,0,1,1,1,Good,No
231,9.07,,9.07,Stable,24,23,24,23,95.83,9.07,23,62.0,Low,2025-07-27,0,On Time,0,0,0,1,0,0,Excellent,No
232,6.31,,6.31,Stable,20,18,20,18,90.0,6.31,18,92.26,Medium,2025-07-27,0,On Time,0,0,0,1,0,0,Average,No
233,4.51,,4.51,Improving,20,13,20,13,65.0,4.51,13,64.18,High,2025-07-30,3,Late,0,0,0,1,1,0,Below Average,Yes
234,5.95,,5.95,Declining,20,13,20,13,65.0,5.95,13,60.45,Medium,2025-07-29,2,On Time,0,0,0,1,0,0,Average,No
235,8.86,,8.86,Stable,22,21,22,21,95.45,8.86,21,62.71,Low,2025-07-28,1,On Time,0,0,0,1,0,0,Excellent,No
236,6.75,6.89,6.83,Stable,20,16,40,33,82.5,6.75,16,74.08,Medium,2025-07-28,1,On Time,0,0,0,2,0,0,Average,No
237,7.37,7.27,7.31,Stable,22,19,44,39,88.64,7.37,19,70.26,Low,2025-07-27,0,On Time,0,0,0,2,0,0,Good,No
238,4.03,5.23,4.75,Declining,18,15,36,30,83.33,4.03,15,82.63,High,2025-07-27,0,On Time,1,0,1,2,1,0,Below Average,Yes
239,5.11,5.36,5.26,Stable,22,15,44,31,70.45,5.11,15,76.62,Medium,2025-07-28,1,On Time,1,0,1,2,0,0,Below Average,No
240,7.41,7.47,7.45,Stable,22,20,44,40,90.91,7.41,20,60.22,Low,2025-07-27,0,On Time,0,0,0,2,0,0,Good,No
241,5.16,6.59,6.02,Declining,22,20,44,40,90.91,5.16,20,77.18,Medium,2025-07-29,2,On Time,2,0,2,2,2,1,Average,No
242,5.38,5.51,5.46,Stable,22,16,44,32,72.73,5.38,16,63.97,Medium,2025-07-30,3,Late,0,0,0,2,0,0,Below Average,No
243,7.51,6.45,6.87,Improving,20,16,40,32,80.0,7.51,16,91.67,Low,2025-08-06,10,Very Late,2,0,2,2,0,0,Average,No
244,5.55,6.99,6.41,Declining,18,15,36,30,83.33,5.55,15,69.08,Medium,2025-07-28,1,On Time,1,0,1,2,1,0,Average,No
245,5.64,5.82,5.75,Stable,24,20,48,40,83.33,5.64,20,80.37,Medium,2025-07-27,0,On Time,0,1,1,2,1,1,Average,No
246,5.21,5.11,5.15,Stable,24,19,48,38,79.17,5.21,19,71.36,Medium,2025-07-30,3,Late,2,0,2,2,1,1,Below Average,No
247,5.79,7.28,6.68,Declining,20,17,40,35,87.5,5.79,17,80.66,Medium,2025-07-27,0,On Time,1,0,1,2,1,1,Average,No
248,6.57,7.53,7.15,Declining,18,16,36,33,91.67,6.57,16,71.74,Medium,2025-08-03,7,Late,0,0,0,2,0,0,Good,No
249,5.08,5.18,5.14,Stable,18,15,36,30,83.33,5.08,15,67.65,Medium,2025-08-03,7,Late,0,0,0,2,0,0,Below Average,No
250,8.1,7.88,7.97,Stable,24,20,48,40,83.33,8.1,20,88.33,Low,2025-07-27,0,On Time,0,0,0,2,0,0,Good,No
251,5.13,5.14,5.14,Stable,18,12,36,25,69.44,5.13,12,75.98,Medium,2025-07-27,0,On Time,0,0,0,2,1,1,Below Average,No
252,7.74,6.84,7.2,Improving,20,18,40,37,92.5,7.74,18,81.52,Low,2025-07-27,0,On Time,0,0,0,2,0,0,Good,No
253,8.44,8.34,8.38,Stable,22,21,44,42,95.45,8.44,21,63.48,Low,2025-08-01,5,Late,0,0,0,2,0,0,Good,No
254,8.48,8.24,8.34,Stable,24,23,48,47,97.92,8.48,23,60.7,Low,2025-07-27,0,On Time,1,0,1,2,0,0,Good,No
255,7.78,7.5,7.61,Stable,20,17,40,35,87.5,7.78,17,76.67,Low,2025-07-28,1,On Time,0,0,0,2,0,0,Good,No
256,4.45,5.21,4.91,Declining,24,14,48,28,58.33,4.45,14,79.38,High,2025-07-29,2,On Time,0,0,0,2,1,0,Below Average,Yes
257,6.14,6.12,6.13,Stable,18,15,36,31,86.11,6.14,15,76.76,Medium,2025-07-27,0,On Time,1,0,1,2,0,0,Average,No
258,4.08,4.64,4.42,Declining,20,15,40,31,77.5,4.08,15,75.96,High,2025-07-29,2,On Time,3,0,3,2,1,0,Below Average,Yes
259,6.4,7.65,7.15,Declining,20,17,40,34,85.0,6.4,17,77.92,Medium,2025-08-01,5,Late,0,0,0,2,0,0,Good,No
260,4.91,5.6,5.32,Declining,22,15,44,31,70.45,4.91,15,74.66,High,2025-07-27,0,On Time,1,0,1,2,0,0,Below Average,No
261,5.59,5.33,5.43,Stable,22,16,66,48,72.73,5.22,40,93.61,Low,2025-07-27,0,On Time,0,0,0,3,0,0,Below Average,No
262,6.03,4.55,5.14,Improving,22,13,66,39,59.09,5.56,38,84.32,Low,2025-07-28,1,On Time,1,0,1,3,2,1,Below Average,No
263,6.81,7.71,7.35,Declining,20,18,60,56,93.33,7.69,38,91.74,Low,2025-07-27,0,On Time,0,0,0,3,0,0,Good,No
264,6.14,6.29,6.23,Stable,18,15,54,47,87.04,6.48,38,65.23,Low,2025-08-03,7,Late,1,0,1,3,0,0,Average,No
265,5.65,5.95,5.83,Stable,18,15,54,45,83.33,5.99,44,75.98,Low,2025-07-29,2,On Time,0,0,0,3,0,0,Average,No
266,4.29,5.06,4.75,Declining,24,15,72,45,62.5,4.36,36,66.08,Low,2025-08-03,7,Late,2,0,2,3,2,1,Below Average,Yes
267,6.87,7.54,7.27,Declining,22,19,66,59,89.39,7.27,40,66.66,Low,2025-07-27,0,On Time,0,1,1,3,0,0,Good,No
268,5.21,6.58,6.03,Declining,24,20,72,62,86.11,6.18,44,91.94,Low,2025-07-27,0,On Time,0,0,0,3,0,0,Average,No
269,7.24,5.81,6.38,Improving,22,20,66,61,92.42,6.82,40,83.73,Low,2025-07-28,1,On Time,0,0,0,3,0,0,Average,No
270,6.92,8.04,7.59,Declining,18,15,54,47,87.04,7.89,44,70.52,Low,2025-07-27,0,On Time,1,0,1,3,0,0,Good,No
271,4.15,4.96,4.64,Declining,20,14,60,42,70.0,4.07,44,82.67,Low,2025-08-01,5,Late,0,1,1,3,2,1,Below Average,Yes
272,8.55,7.84,8.12,Improving,20,19,60,57,95.0,7.82,44,80.79,Low,2025-07-27,0,On Time,0,0,0,3,0,0,Good,No
273,5.29,5.06,5.15,Stable,18,14,54,42,77.78,4.96,44,75.32,Low,2025-08-06,10,Very Late,1,0,1,3,2,1,Below Average,No
274,8.33,7.59,7.89,Improving,20,16,60,49,81.67,6.99,42,75.77,Low,2025-07-27,0,On Time,0,0,0,3,0,0,Good,No
275,7.38,7.5,7.45,Stable,18,16,54,49,90.74,7.9,38,79.32,Low,2025-07-27,0,On Time,0,0,0,3,0,0,Good,No
276,7.65,7.58,7.61,Stable,20,17,60,53,88.33,7.28,40,93.93,Low,2025-07-28,1,On Time,0,0,0,3,0,0,Good,No
277,6.02,4.94,5.37,Improving,22,13,66,41,62.12,5.16,44,75.13,Low,2025-07-27,0,On Time,0,0,0,3,1,1,Below Average,No
278,6.49,7.94,7.36,Declining,20,18,60,56,93.33,6.45,38,88.13,Low,2025-07-28,1,On Time,0,0,0,3,0,0,Good,No
279,5.41,5.58,5.51,Stable,24,17,72,53,73.61,5.98,36,78.02,Low,2025-08-16,20,Very Late,0,0,0,3,1,1,Average,No
280,7.37,7.3,7.33,Stable,20,16,60,50,83.33,6.88,42,67.88,Low,2025-07-27,0,On Time,1,0,1,3,0,0,Good,No
281,6.04,6.94,6.58,Declining,18,16,54,49,90.74,7.06,40,75.73,Low,2025-07-27,0,On Time,0,0,0,3,2,2,Average,No
282,7.74,7.76,7.75,Stable,18,14,54,44,81.48,7.15,42,93.29,Low,2025-07-27,0,On Time,0,0,0,3,1,0,Good,No
283,8.05,7.76,7.88,Stable,20,18,60,54,90.0,7.01,42,91.01,Low,2025-07-30,3,Late,0,0,0,3,0,0,Good,No
284,6.05,5.1,5.48,Improving,20,14,60,42,70.0,5.54,36,80.05,Low,2025-07-27,0,On Time,0,0,0,3,0,0,Below Average,No
285,8.47,7.3,7.77,Improving,22,19,88,78,88.64,8.03,40,76.95,Low,2025-07-27,0,On Time,0,0,0,4,0,0,Good,No
286,5.27,5.49,5.4,Stable,22,16,88,67,76.14,5.87,36,67.73,Low,2025-07-27,0,On Time,0,0,0,4,1,1,Below Average,No
287,8.33,8.28,8.3,Stable,18,17,72,70,97.22,7.39,42,85.7,Low,2025-07-27,0,On Time,0,0,0,4,0,0,Good,No
288,6.72,6.8,6.77,Stable,18,14,72,58,80.56,6.6,42,74.63,Low,2025-07-27,0,On Time,1,0,1,4,0,0,Average,No
289,5.2,5.23,5.22,Stable,18,13,72,53,73.61,4.78,44,83.68,Low,2025-08-03,7,Late,0,0,0,4,1,1,Below Average,No
290,4.68,5.83,5.37,Declining,18,14,72,58,80.56,5.29,36,70.64,Low,2025-08-03,7,Late,0,0,0,4,2,2,Below Average,No
291,6.58,6.83,6.73,Stable,20,18,80,72,90.0,6.35,42,87.89,Low,2025-07-30,3,Late,0,0,0,4,0,0,Average,No
292,6.36,7.42,7.0,Declining,20,18,80,72,90.0,7.11,38,88.2,Low,2025-07-27,0,On Time,0,0,0,4,0,0,Good,No
293,4.12,4.8,4.53,Declining,18,13,72,55,76.39,3.8,36,75.02,Low,2025-07-27,0,On Time,1,0,1,4,0,0,Below Average,Yes
294,8.92,8.06,8.4,Improving,22,21,88,84,95.45,8.21,40,78.14,Low,2025-08-11,15,Very Late,0,0,0,4,0,0,Good,No
295,6.57,6.59,6.58,Stable,22,17,88,71,80.68,5.83,44,75.21,Low,2025-07-27,0,On Time,0,0,0,4,0,0,Average,No
296,7.43,7.4,7.41,Stable,22,19,88,76,86.36,7.73,42,85.41,Low,2025-08-03,7,Late,0,0,0,4,1,1,Good,No
297,6.07,6.03,6.05,Stable,20,16,80,64,80.0,5.77,44,80.7,Low,2025-07-28,1,On Time,1,0,1,4,2,0,Average,No
298,8.47,8.33,8.39,Stable,24,23,96,95,98.96,8.86,38,77.04,Low,2025-07-27,0,On Time,0,0,0,4,0,0,Good,No
299,7.81,7.13,7.4,Improving,18,15,72,61,84.72,7.04,44,71.61,Low,2025-07-28,1,On Time,0,1,1,4,0,0,Good,No
300,5.71,5.74,5.73,Stable,18,13,72,55,76.39,5.82,42,73.56,Low,2025-07-27,0,On Time,0,0,0,4,0,0,Average,No
301,5.15,5.19,5.17,Stable,18,12,72,51,70.83,5.18,40,67.58,Low,2025-07-30,3,Late,0,0,0,4,1,1,Below Average,No
302,6.67,6.71,6.69,Stable,22,17,88,71,80.68,7.09,36,74.27,Low,2025-07-29,2,On Time,1,0,1,4,1,1,Average,No
303,8.37,8.63,8.53,Stable,22,21,88,84,95.45,8.92,38,75.08,Low,2025-07-28,1,On Time,0,0,0,4,0,0,Excellent,No
304,6.75,7.62,7.27,Declining,22,18,88,72,81.82,6.58,44,89.56,Low,2025-07-28,1,On Time,0,0,0,4,1,1,Good,No
305,7.72,7.51,7.59,Stable,24,22,96,89,92.71,7.41,40,72.31,Low,2025-08-03,7,Late,0,0,0,4,0,0,Good,No
306,5.62,5.43,5.51,Stable,18,11,72,46,63.89,5.33,38,93.15,Low,2025-07-30,3,Late,0,0,0,4,0,0,Average,No
307,8.32,7.02,7.54,Improving,24,19,96,79,82.29,7.48,42,80.48,Low,2025-07-28,1,On Time,0,0,0,4,0,0,Good,No
308,5.84,7.28,6.7,Declining,20,18,80,74,92.5,6.84,38,75.12,Low,2025-08-01,5,Late,1,0,1,4,2,0,Average,No
309,6.75,7.71,7.33,Declining,20,17,100,87,87.0,7.45,44,82.39,Low,2025-07-27,0,On Time,0,0,0,5,0,0,Good,No
310,6.09,6.93,6.59,Declining,18,15,90,75,83.33,5.7,40,67.8,Low,2025-07-30,3,Late,1,0,1,5,1,1,Average,No
311,7.01,7.27,7.17,Stable,18,16,90,80,88.89,6.54,44,65.51,Low,2025-07-28,1,On Time,0,0,0,5,0,0,Good,No
312,7.42,7.71,7.59,Stable,24,22,120,113,94.17,6.83,42,80.66,Low,2025-07-27,0,On Time,0,0,0,5,0,0,Good,No
313,6.04,5.77,5.88,Stable,18,12,90,61,67.78,5.98,36,93.38,Low,2025-07-30,3,Late,0,0,0,5,0,0,Average,No
314,5.31,5.4,5.36,Stable,22,15,110,79,71.82,4.86,42,89.65,Low,2025-07-30,3,Late,0,0,0,5,0,0,Below Average,No
315,8.48,7.21,7.72,Improving,22,20,110,100,90.91,7.8,44,84.68,Low,2025-07-27,0,On Time,0,0,0,5,0,0,Good,No
316,6.17,6.27,6.23,Stable,22,18,110,91,82.73,6.69,40,74.8,Low,2025-07-27,0,On Time,0,0,0,5,1,1,Average,No
317,8.81,7.54,8.05,Improving,24,23,120,115,95.83,7.31,44,69.21,Low,2025-07-27,0,On Time,0,0,0,5,0,0,Good,No
318,7.8,7.69,7.73,Stable,24,19,120,99,82.5,7.36,40,70.7,Low,2025-07-27,0,On Time,0,0,0,5,0,0,Good,No
319,8.3,6.84,7.42,Improving,22,19,110,95,86.36,7.55,42,71.7,Low,2025-07-30,3,Late,1,0,1,5,0,0,Good,No
320,5.99,5.77,5.86,Stable,24,18,120,90,75.0,5.3,44,73.86,Low,2025-07-27,0,On Time,0,0,0,5,0,0,Average,No
321,4.63,5.72,5.28,Declining,18,11,90,58,64.44,4.33,44,80.06,Low,2025-07-27,0,On Time,0,0,0,5,0,0,Below Average,No
322,8.45,8.45,8.45,Stable,20,19,100,95,95.0,8.15,44,92.4,Low,2025-07-30,3,Late,0,1,1,5,0,0,Good,No
323,8.03,7.05,7.44,Improving,22,18,110,91,82.73,7.93,40,73.31,Low,2025-08-03,7,Late,0,0,0,5,0,0,Good,No
324,6.81,6.8,6.8,Stable,24,20,120,101,84.17,6.76,40,94.44,Low,2025-07-27,0,On Time,0,0,0,5,1,1,Average,No
325,8.55,7.12,7.69,Improving,22,19,110,99,90.0,6.85,38,78.85,Low,2025-07-27,0,On Time,0,0,0,5,0,0,Good,No
326,6.56,6.43,6.48,Stable,22,19,110,95,86.36,5.8,36,75.83,Low,2025-07-28,1,On Time,0,1,1,5,2,2,Average,No
327,5.17,6.47,5.95,Declining,20,14,100,74,74.0,5.84,42,71.95,Low,2025-07-28,1,On Time,0,0,0,5,1,0,Average,No
328,8.25,7.68,7.91,Improving,20,17,100,88,88.0,7.73,44,78.21,Low,2025-07-28,1,On Time,1,0,1,5,0,0,Good,No
329,6.05,7.23,6.76,Declining,24,21,120,107,89.17,6.21,40,76.39,Low,2025-07-27,0,On Time,0,0,0,5,1,1,Average,No
330,7.12,7.33,7.25,Stable,20,16,100,80,80.0,7.74,38,66.57,Low,2025-07-27,0,On Time,0,0,0,5,0,0,Good,No
331,6.47,5.32,5.78,Improving,24,15,144,93,64.58,5.78,36,70.49,Low,2025-07-27,0,On Time,1,0,1,6,0,0,Average,No
332,7.65,7.35,7.47,Stable,20,17,120,104,86.67,6.88,40,80.5,Low,2025-08-03,7,Late,0,0,0,6,0,0,Good,No
333,8.03,8.13,8.09,Stable,22,21,132,126,95.45,7.34,44,86.0,Low,2025-07-27,0,On Time,0,0,0,6,1,1,Good,No
334,6.88,7.18,7.06,Stable,22,20,132,120,90.91,6.93,38,78.2,Low,2025-07-27,0,On Time,0,0,0,6,0,0,Good,No
335,6.56,6.29,6.4,Stable,22,18,132,108,81.82,6.85,44,86.19,Low,2025-07-30,3,Late,0,0,0,6,1,1,Average,No
336,6.23,4.95,5.46,Improving,18,12,108,76,70.37,5.79,42,89.17,Low,2025-07-27,0,On Time,2,0,2,6,2,2,Below Average,No
337,7.29,7.42,7.37,Stable,18,16,108,100,92.59,6.85,38,83.93,Low,2025-07-27,0,On Time,0,0,0,6,1,0,Good,No
338,8.1,8.39,8.27,Stable,22,21,132,128,96.97,7.91,40,90.95,Low,2025-07-29,2,On Time,0,0,0,6,0,0,Good,No
339,7.18,6.39,6.71,Improving,22,20,132,122,92.42,5.77,40,65.14,Low,2025-07-27,0,On Time,2,0,2,6,0,0,Average,No
340,6.24,5.95,6.07,Stable,24,21,144,129,89.58,5.28,38,74.25,Low,2025-07-28,1,On Time,0,0,0,6,0,0,Average,No
341,5.56,5.74,5.67,Stable,20,15,120,93,77.5,5.63,38,84.83,Low,2025-07-27,0,On Time,1,0,1,6,1,1,Average,No
342,5.36,6.65,6.13,Declining,18,16,108,101,93.52,6.11,42,70.52,Low,2025-07-30,3,Late,0,0,0,6,2,1,Average,No
343,6.73,5.42,5.94,Improving,22,18,132,110,83.33,5.91,42,92.16,Low,2025-08-06,10,Very Late,1,0,1,6,0,0,Average,No
344,5.82,5.6,5.69,Stable,22,16,132,99,75.0,5.64,42,94.42,Low,2025-07-28,1,On Time,0,0,0,6,0,0,Average,No
345,6.48,5.63,5.97,Improving,24,15,144,92,63.89,6.44,44,79.31,Low,2025-07-27,0,On Time,1,0,1,6,1,1,Average,No
346,5.84,5.8,5.82,Stable,22,16,132,97,73.48,5.92,40,67.12,Low,2025-07-27,0,On Time,1,0,1,6,1,0,Average,No
347,4.53,5.93,5.37,Declining,24,14,144,88,61.11,4.86,44,86.52,Low,2025-07-27,0,On Time,1,0,1,6,0,0,Below Average,No
348,4.98,5.58,5.34,Declining,20,15,120,91,75.83,4.65,42,86.29,Low,2025-07-30,3,Late,0,0,0,6,0,0,Below Average,No
349,6.61,6.85,6.75,Stable,20,16,120,101,84.17,6.38,36,94.88,Low,2025-07-27,0,On Time,0,0,0,6,1,1,Average,No
350,4.65,5.5,5.16,Declining,24,17,144,103,71.53,5.23,40,89.33,Low,2025-08-01,5,Late,0,0,0,6,2,0,Below Average,No
351,8.26,7.5,7.8,Improving,22,17,132,107,81.06,7.45,36,81.79,Low,2025-07-27,0,On Time,0,0,0,6,0,0,Good,No
352,6.99,6.81,6.88,Stable,18,15,108,91,84.26,7.24,44,77.78,Low,2025-08-11,15,Very Late,1,0,1,6,0,0,Average,No
353,8.45,8.36,8.4,Stable,24,23,144,139,96.53,8.47,38,82.15,Low,2025-07-27,0,On Time,0,0,0,6,0,0,Good,No
354,7.25,5.92,6.45,Improving,18,16,126,116,92.06,6.1,36,85.22,Low,2025-07-27,0,On Time,2,0,2,7,2,1,Average,No
355,7.59,6.94,7.2,Improving,24,22,168,158,94.05,6.23,36,87.5,Low,2025-08-01,5,Late,0,0,0,7,0,0,Good,No
356,6.63,7.51,7.16,Declining,24,19,168,134,79.76,7.05,42,87.22,Low,2025-07-27,0,On Time,1,0,1,7,0,0,Good,No
357,5.69,5.49,5.57,Stable,22,18,154,126,81.82,5.27,44,77.43,Low,2025-07-27,0,On Time,0,0,0,7,1,0,Average,No
358,6.68,6.84,6.78,Stable,18,16,126,114,90.48,7.28,42,68.92,Low,2025-07-27,0,On Time,0,0,0,7,1,1,Average,No
359,7.5,7.26,7.36,Stable,24,20,168,141,83.93,6.66,36,89.46,Low,2025-07-27,0,On Time,0,0,0,7,0,0,Good,No
360,6.43,6.5,6.47,Stable,24,20,168,141,83.93,5.77,44,82.21,Low,2025-07-30,3,Late,0,0,0,7,0,0,Average,No
361,7.45,7.21,7.31,Stable,24,22,168,157,93.45,7.3,38,73.07,Low,2025-07-30,3,Late,1,0,1,7,0,0,Good,No
362,7.67,7.6,7.63,Stable,20,18,140,126,90.0,8.06,38,78.42,Low,2025-07-28,1,On Time,0,0,0,7,1,0,Good,No
363,8.21,8.08,8.13,Stable,22,21,154,149,96.75,8.46,36,93.11,Low,2025-07-29,2,On Time,0,0,0,7,0,0,Good,No
364,5.58,5.59,5.59,Stable,24,20,168,141,83.93,5.35,44,66.74,Low,2025-07-27,0,On Time,1,0,1,7,0,0,Average,No
365,5.4,6.3,5.94,Declining,20,15,140,111,79.29,5.7,44,80.13,Low,2025-07-27,0,On Time,0,0,0,7,1,0,Average,No
366,7.97,7.78,7.86,Stable,20,17,140,122,87.14,7.04,42,72.99,Low,2025-07-28,1,On Time,0,0,0,7,0,0,Good,No
367,8.69,7.41,7.92,Improving,18,15,126,109,86.51,7.3,38,71.08,Low,2025-07-29,2,On Time,0,0,0,7,0,0,Good,No
368,5.17,4.92,5.02,Stable,24,16,168,117,69.64,5.06,40,88.62,Low,2025-07-27,0,On Time,0,0,0,7,1,1,Below Average,No
369,6.29,6.25,6.27,Stable,20,18,140,128,91.43,6.21,44,83.14,Low,2025-08-01,5,Late,1,0,1,7,0,0,Average,No
370,4.98,6.3,5.77,Declining,22,14,154,101,65.58,5.99,44,87.23,Low,2025-07-29,2,On Time,0,0,0,7,0,0,Average,No
371,5.99,6.58,6.34,Declining,22,19,154,137,88.96,6.8,40,83.53,Low,2025-07-29,2,On Time,1,0,1,7,0,0,Average,No
372,6.72,6.76,6.74,Stable,22,17,154,125,81.17,6.09,40,70.81,Low,2025-07-28,1,On Time,0,0,0,7,0,0,Average,No
373,5.46,6.82,6.28,Declining,22,17,154,125,81.17,6.04,44,90.97,Low,2025-07-27,0,On Time,0,0,0,7,2,1,Average,No
374,8.11,7.39,7.68,Improving,22,20,176,162,92.05,6.72,42,72.53,Low,2025-07-27,0,On Time,0,0,0,8,0,0,Good,No
375,5.09,6.01,5.64,Declining,22,15,176,126,71.59,4.96,44,85.31,Low,2025-07-28,1,On Time,1,0,1,8,0,0,Average,No
376,6.92,7.16,7.06,Stable,22,18,176,145,82.39,7.53,40,94.95,Low,2025-07-27,0,On Time,0,0,0,8,0,0,Good,No
377,6.99,6.79,6.87,Stable,20,17,160,136,85.0,7.24,38,91.17,Low,2025-07-27,0,On Time,0,0,0,8,2,0,Average,No
378,6.4,6.45,6.43,Stable,24,20,192,160,83.33,6.84,40,73.59,Low,2025-07-30,3,Late,0,0,0,8,0,0,Average,No
379,5.28,6.23,5.85,Declining,18,13,144,106,73.61,5.13,36,85.51,Low,2025-07-29,2,On Time,2,0,2,8,0,0,Average,No
380,4.76,5.62,5.28,Declining,20,16,160,131,81.88,4.63,38,83.93,Low,2025-07-27,0,On Time,0,0,0,8,1,0,Below Average,No
381,6.14,4.75,5.31,Improving,18,12,144,98,68.06,4.47,44,83.55,Low,2025-07-27,0,On Time,0,0,0,8,1,0,Below Average,No
382,6.58,6.43,6.49,Stable,24,20,192,162,84.38,5.74,36,72.54,Low,2025-07-29,2,On Time,0,0,0,8,1,1,Average,No
383,5.51,5.49,5.5,Stable,22,18,176,148,84.09,4.56,36,67.64,Low,2025-07-27,0,On Time,1,0,1,8,2,0,Average,No
384,7.51,6.98,7.19,Improving,18,16,144,130,90.28,7.2,44,93.65,Low,2025-07-27,0,On Time,0,0,0,8,0,0,Good,No
385,6.94,5.89,6.31,Improving,22,18,176,149,84.66,6.33,42,81.31,Low,2025-07-27,0,On Time,0,1,1,8,1,0,Average,No
386,7.88,7.99,7.95,Stable,20,16,160,130,81.25,7.1,38,86.04,Low,2025-07-27,0,On Time,0,0,0,8,0,0,Good,No
387,4.09,5.47,4.92,Declining,24,18,192,148,77.08,4.69,40,81.35,Low,2025-07-28,1,On Time,1,0,1,8,3,0,Below Average,Yes
388,4.98,6.03,5.61,Declining,22,16,176,129,73.3,5.26,44,83.58,Low,2025-07-30,3,Late,1,0,1,8,2,2,Average,No
389,4.23,5.72,5.12,Declining,18,10,144,87,60.42,4.28,44,89.28,Low,2025-07-27,0,On Time,0,0,0,8,0,0,Below Average,No
390,6.84,5.42,5.99,Improving,20,15,160,121,75.62,5.79,42,68.84,Low,2025-07-28,1,On Time,0,0,0,8,0,0,Average,No
391,8.47,7.52,7.9,Improving,18,16,144,131,90.97,8.12,42,83.85,Low,2025-07-27,0,On Time,0,0,0,8,0,0,Good,No
392,6.16,5.38,5.69,Improving,22,17,176,140,79.55,5.97,40,73.69,Low,2025-07-29,2,On Time,0,0,0,8,2,2,Average,No
393,5.2,5.03,5.1,Stable,24,20,192,162,84.38,4.58,38,77.06,Low,2025-07-29,2,On Time,0,0,0,8,0,0,Below Average,No
394,8.88,,8.88,Stable,18,17,18,17,94.44,8.88,17,84.37,Low,2025-07-27,0,On Time,0,0,0,1,0,0,Excellent,No
395,6.23,,6.23,Stable,24,22,24,22,91.67,6.23,22,80.46,Medium,2025-07-28,1,On Time,0,0,0,1,1,0,Average,No
396,8.95,,8.95,Declining,22,21,22,21,95.45,8.95,21,87.28,Low,2025-07-28,1,On Time,0,0,0,1,0,0,Excellent,No
397,7.67,,7.67,Stable,18,16,18,16,88.89,7.67,16,90.9,Low,2025-07-27,0,On Time,0,0,0,1,0,0,Good,No
398,4.22,,4.22,Stable,22,14,22,14,63.64,4.22,14,63.64,High,2025-07-29,2,On Time,0,0,0,1,3,0,Below Average,Yes
399,6.45,,6.45,Improving,22,20,22,20,90.91,6.45,20,89.54,Medium,2025-08-03,7,Late,0,0,0,1,0,0,Average,No
400,5.53,,5.53,Improving,24,18,24,18,75.0,5.53,18,92.08,Medium,2025-07-27,0,On Time,0,0,0,1,0,0,Average,No
401,7.31,,7.31,Improving,20,16,20,16,80.0,7.31,16,94.92,Low,2025-07-28,1,On Time,0,0,0,1,0,0,Good,No
402,5.89,,5.89,Improving,24,16,24,16,66.67,5.89,16,73.61,Medium,2025-07-27,0,On Time,0,0,0,1,0,0,Average,No
403,8.23,,8.23,Declining,20,19,20,19,95.0,8.23,19,87.86,Low,2025-07-28,1,On Time,0,0,0,1,0,0,Good,No
404,6.09,,6.09,Declining,18,16,18,16,88.89,6.09,16,70.18,Medium,2025-07-28,1,On Time,0,0,0,1,0,0,Average,No
405,7.33,,7.33,Stable,22,19,22,19,86.36,7.33,19,79.54,Low,2025-07-27,0,On Time,0,0,0,1,0,0,Good,No
406,7.79,,7.79,Declining,24,21,24,21,87.5,7.79,21,61.14,Low,2025-07-27,0,On Time,0,0,0,1,0,0,Good,No
407,7.37,,7.37,Stable,20,16,20,16,80.0,7.37,16,72.67,Low,2025-07-29,2,On Time,0,0,0,1,0,0,Good,No
408,7.76,,7.76,Stable,18,14,18,14,77.78,7.76,14,61.01,Low,2025-07-27,0,On Time,0,0,0,1,0,0,Good,No
409,6.17,,6.17,Stable,22,20,22,20,90.91,6.17,20,87.41,Medium,2025-07-29,2,On Time,0,1,1,1,1,1,Average,No
410,7.69,,7.69,Stable,18,15,18,15,83.33,7.69,15,61.76,Low,2025-07-28,1,On Time,0,1,1,1,0,0,Good,No
411,3.97,,3.97,Stable,22,11,22,11,50.0,3.97,11,70.14,High,2025-08-03,7,Late,0,0,0,1,3,2,Poor,Yes
412,4.89,,4.89,Stable,24,15,24,15,62.5,4.89,15,79.98,High,2025-07-27,0,On Time,0,0,0,1,1,1,Below Average,Yes
413,5.4,,5.4,Stable,22,17,22,17,77.27,5.4,17,89.64,Medium,2025-08-03,7,Late,0,0,0,1,1,1,Below Average,No
414,5.76,,5.76,Stable,22,17,22,17,77.27,5.76,17,68.73,Medium,2025-07-28,1,On Time,0,0,0,1,1,1,Average,No
415,3.96,,3.96,Stable,18,12,18,12,66.67,3.96,12,78.13,High,2025-08-16,20,Very Late,0,0,0,1,0,0,Poor,Yes
416,8.02,8.22,8.14,Stable,18,17,36,34,94.44,8.02,17,69.1,Low,2025-07-29,2,On Time,0,0,0,2,0,0,Good,No
417,7.85,7.79,7.81,Stable,18,14,36,29,80.56,7.85,14,85.38,Low,2025-08-01,5,Late,0,0,0,2,0,0,Good,No
418,4.41,5.73,5.2,Declining,20,13,40,26,65.0,4.41,13,91.73,High,2025-07-27,0,On Time,1,0,1,2,1,1,Below Average,No
419,7.17,6.98,7.06,Stable,20,17,40,35,87.5,7.17,17,86.79,Low,2025-08-03,7,Late,0,0,0,2,0,0,Good,No
420,6.61,5.78,6.11,Improving,20,18,40,37,92.5,6.61,18,65.03,Medium,2025-07-27,0,On Time,1,0,1,2,0,0,Average,No
421,6.01,7.07,6.65,Declining,24,19,48,38,79.17,6.01,19,75.87,Medium,2025-08-03,7,Late,0,0,0,2,1,0,Average,No
422,7.76,7.51,7.61,Stable,22,20,44,41,93.18,7.76,20,91.81,Low,2025-07-28,1,On Time,0,0,0,2,0,0,Good,No
423,5.39,5.39,5.39,Stable,20,14,40,29,72.5,5.39,14,65.89,Medium,2025-07-30,3,Late,1,1,2,2,0,0,Below Average,No
424,6.21,6.14,6.17,Stable,18,16,36,32,88.89,6.21,16,81.55,Medium,2025-07-27,0,On Time,1,0,1,2,0,0,Average,No
425,5.07,4.84,4.93,Stable,24,15,48,31,64.58,5.07,15,93.27,Medium,2025-07-27,0,On Time,1,0,1,2,4,1,Below Average,Yes
426,5.37,5.5,5.45,Stable,20,16,40,32,80.0,5.37,16,87.62,Medium,2025-07-27,0,On Time,0,0,0,2,1,1,Below Average,No
427,8.21,7.02,7.5,Improving,22,18,44,36,81.82,8.21,18,84.88,Low,2025-07-27,0,On Time,0,0,0,2,0,0,Good,No
428,5.93,5.81,5.86,Stable,24,15,48,31,64.58,5.93,15,86.67,Medium,2025-07-29,2,On Time,1,0,1,2,2,1,Average,No
429,7.87,8.08,8.0,Stable,20,19,40,38,95.0,7.87,19,67.66,Low,2025-07-27,0,On Time,0,0,0,2,1,1,Good,No
430,5.21,5.36,5.3,Stable,22,16,44,32,72.73,5.21,16,80.76,Medium,2025-07-29,2,On Time,0,0,0,2,2,2,Below Average,No
431,7.66,7.84,7.77,Stable,24,19,48,39,81.25,7.66,19,93.59,Low,2025-07-30,3,Late,0,0,0,2,0,0,Good,No
432,8.4,7.06,7.6,Improving,18,15,36,31,86.11,8.4,15,76.69,Low,2025-07-28,1,On Time,0,0,0,2,0,0,Good,No
433,7.72,6.99,7.28,Improving,20,18,40,36,90.0,7.72,18,91.2,Low,2025-07-27,0,On Time,0,1,1,2,0,0,Good,No
434,4.48,5.27,4.95,Declining,18,15,36,30,83.33,4.48,15,70.57,High,2025-07-28,1,On Time,1,1,2,2,1,1,Below Average,Yes
435,6.03,7.09,6.67,Declining,24,19,48,39,81.25,6.03,19,73.71,Medium,2025-07-27,0,On Time,1,1,2,2,1,0,Average,No
436,5.04,5.12,5.09,Stable,22,15,44,31,70.45,5.04,15,75.76,Medium,2025-07-27,0,On Time,1,0,1,2,1,1,Below Average,No
437,6.4,7.01,6.77,Declining,22,18,44,37,84.09,6.4,18,92.58,Medium,2025-08-01,5,Late,0,1,1,2,0,0,Average,No
438,6.07,6.83,6.53,Declining,20,16,40,33,82.5,6.07,16,76.49,Medium,2025-07-27,0,On Time,0,0,0,2,1,1,Average,No
439,5.27,5.16,5.2,Stable,22,16,66,50,75.76,4.81,36,69.92,Low,2025-08-01,5,Late,1,0,1,3,1,0,Below Average,No
440,6.5,6.67,6.6,Stable,22,17,66,53,80.3,5.62,42,94.36,Low,2025-07-28,1,On Time,0,0,0,3,0,0,Average,No
441,6.24,5.66,5.89,Improving,18,13,54,41,75.93,5.03,42,73.79,Low,2025-07-27,0,On Time,0,0,0,3,0,0,Average,No
442,8.52,7.7,8.03,Improving,22,21,66,65,98.48,7.78,38,89.86,Low,2025-07-27,0,On Time,0,0,0,3,0,0,Good,No
443,7.3,7.41,7.37,Stable,22,18,66,56,84.85,6.96,40,88.06,Low,2025-07-27,0,On Time,0,1,1,3,0,0,Good,No
444,4.61,5.63,5.22,Declining,24,18,72,54,75.0,5.24,38,72.57,Low,2025-07-29,2,On Time,2,0,2,3,2,0,Below Average,No
445,6.78,5.76,6.17,Improving,20,16,60,49,81.67,5.81,36,79.97,Low,2025-07-28,1,On Time,0,0,0,3,0,0,Average,No
446,4.03,5.34,4.82,Declining,24,16,72,50,69.44,4.8,40,82.93,Low,2025-08-01,5,Late,2,0,2,3,2,0,Below Average,Yes
447,7.57,7.56,7.56,Stable,24,21,72,64,88.89,7.77,40,72.39,Low,2025-07-27,0,On Time,1,0,1,3,0,0,Good,No
448,6.66,7.3,7.04,Declining,22,19,66,57,86.36,6.83,42,71.72,Low,2025-07-27,0,On Time,0,0,0,3,0,0,Good,No
449,8.41,8.39,8.4,Stable,20,19,60,58,96.67,8.07,44,71.46,Low,2025-08-01,5,Late,0,0,0,3,0,0,Good,No
450,5.24,5.83,5.59,Declining,22,14,66,44,66.67,4.91,42,66.59,Low,2025-07-27,0,On Time,0,0,0,3,1,1,Average,No
451,5.85,6.87,6.46,Declining,20,17,60,51,85.0,6.49,36,69.41,Low,2025-07-28,1,On Time,2,0,2,3,0,0,Average,No
452,7.97,7.73,7.83,Stable,20,18,60,55,91.67,7.54,44,74.85,Low,2025-07-27,0,On Time,0,0,0,3,0,0,Good,No
453,7.67,6.82,7.16,Improving,20,16,60,49,81.67,6.47,44,92.32,Low,2025-07-30,3,Late,1,0,1,3,0,0,Good,No
454,6.69,6.92,6.83,Stable,20,17,60,52,86.67,6.72,44,87.43,Low,2025-07-27,0,On Time,0,0,0,3,2,2,Average,No
455,8.42,8.41,8.41,Stable,24,22,72,68,94.44,8.86,42,75.01,Low,2025-08-03,7,Late,0,0,0,3,0,0,Good,No
456,6.73,5.84,6.2,Improving,24,21,72,65,90.28,5.77,44,79.3,Low,2025-07-27,0,On Time,1,0,1,3,2,1,Average,No
457,5.08,6.47,5.91,Declining,20,13,60,41,68.33,5.37,36,67.57,Low,2025-07-27,0,On Time,1,0,1,3,0,0,Average,No
458,6.57,7.43,7.09,Declining,20,16,60,50,83.33,6.68,36,86.33,Low,2025-08-01,5,Late,1,0,1,3,0,0,Good,No
459,6.54,6.48,6.5,Stable,24,21,72,64,88.89,5.83,38,79.44,Low,2025-07-27,0,On Time,2,0,2,3,2,2,Average,No
460,5.88,6.6,6.31,Declining,24,21,96,85,88.54,5.96,40,71.47,Low,2025-07-27,0,On Time,1,0,1,4,1,1,Average,No
461,5.7,5.48,5.57,Stable,20,13,80,55,68.75,4.86,36,66.25,Low,2025-07-27,0,On Time,1,0,1,4,0,0,Average,No
462,5.82,5.53,5.65,Stable,20,16,80,65,81.25,5.71,36,78.52,Low,2025-07-28,1,On Time,0,0,0,4,0,0,Average,No
463,7.18,6.61,6.84,Improving,24,22,96,88,91.67,7.3,40,74.74,Low,2025-07-30,3,Late,0,0,0,4,1,1,Average,No
464,6.28,4.9,5.45,Improving,18,14,72,57,79.17,4.65,40,90.57,Low,2025-07-29,2,On Time,0,0,0,4,0,0,Below Average,No
465,5.15,6.22,5.79,Declining,24,18,96,74,77.08,5.9,40,78.5,Low,2025-08-01,5,Late,0,0,0,4,0,0,Average,No
466,5.55,6.95,6.39,Declining,18,14,72,57,79.17,5.69,38,84.26,Low,2025-07-27,0,On Time,2,1,3,4,1,1,Average,No
467,6.29,5.2,5.64,Improving,22,15,88,60,68.18,5.14,38,80.02,Low,2025-07-27,0,On Time,0,0,0,4,0,0,Average,No
468,5.8,6.7,6.34,Declining,20,16,80,67,83.75,5.82,44,93.94,Low,2025-07-29,2,On Time,1,0,1,4,1,0,Average,No
469,8.48,7.48,7.88,Improving,18,15,72,62,86.11,7.01,42,77.94,Low,2025-07-29,2,On Time,0,0,0,4,0,0,Good,No
470,7.84,7.57,7.68,Stable,18,15,72,62,86.11,7.85,44,68.41,Low,2025-07-27,0,On Time,0,0,0,4,0,0,Good,No
471,6.75,6.04,6.32,Improving,24,19,96,78,81.25,5.41,42,78.4,Low,2025-08-01,5,Late,1,0,1,4,1,1,Average,No
472,7.04,6.87,6.94,Stable,18,16,72,64,88.89,7.29,36,66.79,Low,2025-07-27,0,On Time,0,1,1,4,1,1,Average,No
473,7.6,7.56,7.58,Stable,18,16,72,64,88.89,7.61,42,88.27,Low,2025-08-11,15,Very Late,0,0,0,4,0,0,Good,No
474,4.75,6.03,5.52,Declining,18,15,72,61,84.72,5.52,40,70.87,Low,2025-08-01,5,Late,0,0,0,4,0,0,Average,No
475,4.35,4.94,4.7,Declining,24,19,96,76,79.17,4.3,36,85.19,Low,2025-07-27,0,On Time,2,0,2,4,3,0,Below Average,Yes
476,4.24,4.84,4.6,Declining,18,14,72,58,80.56,3.84,40,88.38,Low,2025-07-27,0,On Time,1,0,1,4,2,2,Below Average,Yes
477,7.76,6.95,7.27,Improving,24,21,96,84,87.5,6.34,40,78.27,Low,2025-07-27,0,On Time,0,0,0,4,1,1,Good,No
478,5.62,5.9,5.79,Stable,22,16,88,66,75.0,6.19,44,92.88,Low,2025-08-06,10,Very Late,0,0,0,4,0,0,Average,No
479,6.28,6.5,6.41,Stable,18,16,72,66,91.67,5.44,40,80.97,Low,2025-08-01,5,Late,0,0,0,4,1,1,Average,No
480,7.25,7.13,7.18,Stable,24,19,96,79,82.29,6.44,40,94.88,Low,2025-07-30,3,Late,0,0,0,4,0,0,Good,No
481,5.79,5.74,5.76,Stable,22,16,110,83,75.45,5.51,40,91.88,Low,2025-07-30,3,Late,1,0,1,5,2,2,Average,No
482,7.68,6.85,7.18,Improving,24,21,120,108,90.0,6.7,42,77.71,Low,2025-07-27,0,On Time,0,0,0,5,0,0,Good,No
483,7.47,7.41,7.43,Stable,24,20,120,100,83.33,7.5,40,93.31,Low,2025-07-27,0,On Time,0,0,0,5,0,0,Good,No
484,8.11,7.45,7.71,Improving,18,16,90,81,90.0,7.5,36,76.71,Low,2025-07-28,1,On Time,0,0,0,5,0,0,Good,No
485,5.75,5.77,5.76,Stable,24,19,120,96,80.0,5.9,38,67.64,Low,2025-07-27,0,On Time,0,0,0,5,0,0,Average,No
486,8.35,8.34,8.34,Stable,20,19,100,96,96.0,8.35,40,80.03,Low,2025-07-27,0,On Time,0,0,0,5,0,0,Good,No
487,6.81,5.53,6.04,Improving,22,19,110,97,88.18,5.11,44,77.8,Low,2025-08-01,5,Late,0,0,0,5,1,0,Average,No
488,6.37,6.63,6.53,Stable,24,22,120,112,93.33,6.68,38,86.47,Low,2025-07-27,0,On Time,2,0,2,5,0,0,Average,No
489,7.8,6.6,7.08,Improving,22,17,110,89,80.91,6.48,42,81.5,Low,2025-07-27,0,On Time,0,0,0,5,0,0,Good,No
490,8.11,8.33,8.24,Stable,24,23,120,118,98.33,8.32,42,92.66,Low,2025-07-27,0,On Time,0,0,0,5,0,0,Good,No
491,6.33,6.15,6.22,Stable,24,20,120,104,86.67,5.29,40,89.04,Low,2025-08-03,7,Late,0,0,0,5,0,0,Average,No
492,5.28,5.57,5.45,Stable,18,14,90,70,77.78,4.7,44,68.32,Low,2025-07-27,0,On Time,1,1,2,5,2,0,Below Average,No
493,8.33,7.25,7.68,Improving,22,18,110,94,85.45,7.27,44,94.79,Low,2025-08-03,7,Late,0,0,0,5,0,0,Good,No
494,7.57,6.34,6.83,Improving,24,21,120,107,89.17,6.71,44,91.8,Low,2025-07-27,0,On Time,2,0,2,5,0,0,Average,No
495,6.49,6.31,6.38,Stable,24,20,120,103,85.83,6.11,44,93.71,Low,2025-07-30,3,Late,1,0,1,5,0,0,Average,No
496,4.53,5.96,5.39,Declining,22,14,110,70,63.64,5.79,36,76.48,Low,2025-07-27,0,On Time,1,0,1,5,1,1,Below Average,No
497,7.69,6.47,6.96,Improving,22,20,110,101,91.82,7.01,42,68.58,Low,2025-08-01,5,Late,0,0,0,5,1,1,Average,No
498,6.47,6.27,6.35,Stable,18,16,90,83,92.22,6.37,36,78.02,Low,2025-07-28,1,On Time,1,0,1,5,0,0,Average,No
499,7.71,7.79,7.76,Stable,24,19,120,98,81.67,6.92,42,88.94,Low,2025-07-28,1,On Time,0,0,0,5,0,0,Good,No
500,6.36,5.06,5.58,Improving,20,13,100,68,68.0,5.03,42,91.06,Low,2025-07-28,1,On Time,2,0,2,5,1,1,Average,No
501,7.24,7.16,7.19,Stable,18,16,108,99,91.67,7.42,42,89.54,Low,2025-07-27,0,On Time,0,0,0,6,0,0,Good,No
502,7.41,6.55,6.89,Improving,22,18,132,108,81.82,6.6,42,78.98,Low,2025-07-27,0,On Time,0,0,0,6,0,0,Average,No
503,4.03,5.16,4.71,Declining,24,19,144,114,79.17,4.12,44,86.36,Low,2025-07-27,0,On Time,3,0,3,6,3,0,Below Average,Yes
504,8.59,7.47,7.92,Improving,20,17,120,107,89.17,7.15,42,76.01,Low,2025-07-27,0,On Time,0,0,0,6,0,0,Good,No
505,7.37,7.55,7.48,Stable,24,20,144,123,85.42,6.49,44,65.04,Low,2025-07-28,1,On Time,1,0,1,6,0,0,Good,No
506,7.09,5.9,6.38,Improving,18,15,108,90,83.33,6.79,44,83.96,Low,2025-07-27,0,On Time,0,0,0,6,0,0,Average,No
507,7.83,7.08,7.38,Improving,24,21,144,129,89.58,7.17,38,87.44,Low,2025-07-27,0,On Time,0,0,0,6,0,0,Good,No
508,6.11,6.91,6.59,Declining,18,16,108,98,90.74,7.07,44,74.82,Low,2025-07-27,0,On Time,0,0,0,6,1,1,Average,No
509,5.37,6.08,5.8,Declining,24,14,144,89,61.81,5.3,44,66.14,Low,2025-07-27,0,On Time,1,0,1,6,2,1,Average,No
510,6.47,6.34,6.39,Stable,24,20,144,123,85.42,5.61,42,75.93,Low,2025-08-03,7,Late,1,0,1,6,1,1,Average,No
511,5.61,5.59,5.6,Stable,20,12,120,77,64.17,5.77,40,93.13,Low,2025-08-03,7,Late,0,0,0,6,2,1,Average,No
512,7.12,5.92,6.4,Improving,22,19,132,115,87.12,6.78,44,68.06,Low,2025-07-29,2,On Time,0,1,1,6,1,1,Average,No
513,5.3,5.47,5.4,Stable,20,13,120,82,68.33,5.28,38,84.38,Low,2025-07-28,1,On Time,0,0,0,6,0,0,Below Average,No
514,5.45,5.46,5.46,Stable,18,12,108,74,68.52,4.62,44,69.59,Low,2025-07-27,0,On Time,0,0,0,6,0,0,Below Average,No
515,6.15,5.95,6.03,Stable,18,14,108,87,80.56,5.55,36,88.04,Low,2025-07-27,0,On Time,0,0,0,6,1,0,Average,No
516,5.34,6.39,5.97,Declining,22,16,132,100,75.76,5.57,42,72.15,Low,2025-08-01,5,Late,2,0,2,6,0,0,Average,No
517,7.65,7.5,7.56,Stable,20,17,120,106,88.33,7.58,36,70.83,Low,2025-07-27,0,On Time,0,0,0,6,0,0,Good,No
518,5.79,5.84,5.82,Stable,22,16,132,97,73.48,4.89,36,90.4,Low,2025-08-01,5,Late,0,0,0,6,0,0,Average,No
519,6.44,6.18,6.28,Stable,20,16,120,96,80.0,5.55,44,69.1,Low,2025-07-27,0,On Time,1,0,1,6,1,1,Average,No
520,6.81,5.79,6.2,Improving,20,18,120,113,94.17,5.55,38,83.7,Low,2025-07-27,0,On Time,0,0,0,6,1,1,Average,No
521,6.55,7.15,6.91,Declining,18,15,126,105,83.33,6.9,44,83.83,Low,2025-08-06,10,Very Late,2,0,2,7,0,0,Average,No
522,6.73,7.03,6.91,Stable,18,14,126,102,80.95,6.83,40,75.08,Low,2025-07-27,0,On Time,0,0,0,7,1,1,Average,No
523,5.99,5.85,5.91,Stable,18,11,126,79,62.7,5.0,42,70.4,Low,2025-08-11,15,Very Late,0,0,0,7,0,0,Average,No
524,7.26,7.42,7.36,Stable,22,18,154,132,85.71,6.67,44,77.85,Low,2025-07-30,3,Late,0,0,0,7,0,0,Good,No
525,4.3,5.49,5.01,Declining,20,12,140,85,60.71,4.95,36,81.07,Low,2025-07-27,0,On Time,0,0,0,7,0,0,Below Average,No
526,6.06,6.29,6.2,Stable,24,22,168,158,94.05,5.48,42,86.89,Low,2025-07-27,0,On Time,0,0,0,7,1,0,Average,No
527,8.51,7.64,7.99,Improving,18,14,126,104,82.54,8.18,40,88.51,Low,2025-08-03,7,Late,0,0,0,7,0,0,Good,No
528,6.88,8.3,7.73,Declining,18,16,126,118,93.65,7.87,40,93.11,Low,2025-08-03,7,Late,1,0,1,7,0,0,Good,No
529,4.32,5.78,5.2,Declining,18,13,126,92,73.02,5.16,40,68.76,Low,2025-08-03,7,Late,0,0,0,7,1,1,Below Average,No
530,8.25,7.99,8.09,Stable,18,17,126,124,98.41,7.36,40,77.17,Low,2025-07-27,0,On Time,0,0,0,7,0,0,Good,No
531,6.94,6.98,6.96,Stable,24,19,168,138,82.14,6.04,40,94.51,Low,2025-07-27,0,On Time,1,1,2,7,1,1,Average,No
532,4.29,5.28,4.88,Declining,22,17,154,124,80.52,5.15,38,75.94,Low,2025-07-28,1,On Time,3,0,3,7,4,1,Below Average,Yes
533,6.18,6.23,6.21,Stable,24,20,168,146,86.9,5.48,40,89.73,Low,2025-07-28,1,On Time,0,0,0,7,2,1,Average,No
534,6.1,5.96,6.02,Stable,18,15,126,109,86.51,5.5,40,89.7,Low,2025-07-27,0,On Time,1,0,1,7,1,1,Average,No
535,7.6,7.85,7.75,Stable,22,19,154,138,89.61,7.04,44,67.29,Low,2025-07-30,3,Late,0,0,0,7,0,0,Good,No
536,6.64,6.83,6.75,Stable,18,17,126,119,94.44,6.38,42,83.01,Low,2025-07-30,3,Late,0,0,0,7,1,1,Average,No
537,6.39,6.3,6.34,Stable,24,22,168,154,91.67,5.47,38,81.29,Low,2025-07-27,0,On Time,1,0,1,7,0,0,Average,No
538,8.75,7.47,7.98,Improving,24,21,168,147,87.5,7.15,44,82.62,Low,2025-07-27,0,On Time,0,0,0,7,0,0,Good,No
539,5.34,5.13,5.21,Stable,24,17,168,124,73.81,4.85,42,78.15,Low,2025-07-27,0,On Time,0,0,0,7,1,1,Below Average,No
540,5.35,5.22,5.27,Stable,20,13,160,106,66.25,5.14,44,74.99,Low,2025-07-27,0,On Time,0,0,0,8,0,0,Below Average,No
541,8.59,7.71,8.06,Improving,18,17,144,139,96.53,8.55,40,85.83,Low,2025-07-29,2,On Time,0,0,0,8,0,0,Good,No
542,6.01,6.13,6.08,Stable,22,19,176,153,86.93,5.19,38,70.64,Low,2025-07-28,1,On Time,1,0,1,8,0,0,Average,No
543,4.4,5.84,5.26,Declining,18,12,144,98,68.06,4.31,40,68.41,Low,2025-07-27,0,On Time,0,0,0,8,1,1,Below Average,No
544,7.91,7.8,7.84,Stable,18,16,144,134,93.06,7.93,44,78.82,Low,2025-07-27,0,On Time,0,0,0,8,0,0,Good,No
545,5.21,5.44,5.35,Stable,20,12,160,98,61.25,4.46,40,73.08,Low,2025-07-28,1,On Time,1,0,1,8,1,1,Below Average,No
546,6.79,5.85,6.23,Improving,24,21,192,174,90.62,5.36,42,81.7,Low,2025-07-30,3,Late,0,0,0,8,1,1,Average,No
547,7.16,5.96,6.44,Improving,22,20,176,162,92.05,6.63,38,69.19,Low,2025-08-03,7,Late,0,0,0,8,0,0,Average,No
548,5.8,5.89,5.85,Stable,24,15,192,120,62.5,5.73,36,94.4,Low,2025-07-27,0,On Time,0,0,0,8,0,0,Average,No
549,6.27,6.14,6.19,Stable,20,18,160,144,90.0,6.33,40,65.99,Low,2025-07-29,2,On Time,0,0,0,8,0,0,Average,No
550,5.12,5.41,5.29,Stable,20,13,160,108,67.5,5.06,44,90.28,Low,2025-08-06,10,Very Late,1,0,1,8,2,2,Below Average,No
551,5.93,6.23,6.11,Stable,22,19,176,154,87.5,5.38,36,78.03,Low,2025-07-27,0,On Time,1,0,1,8,0,0,Average,No
552,6.25,6.92,6.65,Declining,18,14,144,116,80.56,6.75,40,91.85,Low,2025-07-27,0,On Time,1,0,1,8,0,0,Average,No
553,6.75,6.59,6.65,Stable,20,17,160,140,87.5,6.77,40,76.8,Low,2025-08-03,7,Late,0,0,0,8,0,0,Average,No
554,5.24,5.17,5.2,Stable,18,13,144,107,74.31,5.67,42,67.89,Low,2025-07-27,0,On Time,1,0,1,8,0,0,Below Average,No
555,8.04,7.79,7.89,Stable,20,18,160,149,93.12,8.13,42,81.2,Low,2025-08-16,20,Very Late,0,0,0,8,0,0,Good,No
556,7.71,6.27,6.85,Improving,24,22,192,180,93.75,6.28,42,91.02,Low,2025-07-27,0,On Time,0,0,0,8,0,0,Average,No
557,7.43,7.45,7.44,Stable,24,19,192,158,82.29,6.78,38,78.05,Low,2025-07-27,0,On Time,0,0,0,8,0,0,Good,No
558,8.84,7.59,8.09,Improving,22,21,176,173,98.3,7.79,36,83.39,Low,2025-07-29,2,On Time,0,0,0,8,0,0,Good,No
559,4.1,,4.1,Declining,18,14,18,14,77.78,4.1,14,85.23,High,2025-07-27,0,On Time,0,0,0,1,2,2,Below Average,Yes
560,9.55,,9.55,Declining,22,21,22,21,95.45,9.55,21,67.57,Low,2025-07-28,1,On Time,0,0,0,1,0,0,Excellent,No
561,5.85,,5.85,Stable,24,15,24,15,62.5,5.85,15,75.98,Medium,2025-07-27,0,On Time,0,0,0,1,1,0,Average,No
562,4.27,,4.27,Stable,22,17,22,17,77.27,4.27,17,85.8,High,2025-07-27,0,On Time,0,0,0,1,3,2,Below Average,Yes
563,5.7,,5.7,Improving,22,15,22,15,68.18,5.7,15,87.05,Medium,2025-07-27,0,On Time,0,0,0,1,0,0,Average,No
564,8.49,,8.49,Stable,22,20,22,20,90.91,8.49,20,62.89,Low,2025-07-27,0,On Time,0,0,0,1,0,0,Good,No
565,4.8,,4.8,Declining,18,15,18,15,83.33,4.8,15,86.26,High,2025-07-27,0,On Time,0,0,0,1,1,1,Below Average,Yes
566,5.23,,5.23,Declining,20,14,20,14,70.0,5.23,14,80.67,Medium,2025-08-01,5,Late,0,0,0,1,1,1,Below Average,No
567,6.33,,6.33,Stable,24,19,24,19,79.17,6.33,19,76.0,Medium,2025-07-27,0,On Time,0,0,0,1,1,1,Average,No
568,4.57,,4.57,Stable,20,13,20,13,65.0,4.57,13,90.05,High,2025-07-27,0,On Time,0,0,0,1,1,1,Below Average,Yes
569,5.63,,5.63,Stable,24,18,24,18,75.0,5.63,18,60.77,Medium,2025-07-27,0,On Time,0,0,0,1,0,0,Average,No
570,7.33,,7.33,Improving,22,19,22,19,86.36,7.33,19,70.86,Low,2025-08-01,5,Late,0,0,0,1,0,0,Good,No
571,6.81,,6.81,Stable,24,19,24,19,79.17,6.81,19,63.8,Medium,2025-07-27,0,On Time,0,0,0,1,0,0,Average,No
572,5.86,,5.86,Improving,20,12,20,12,60.0,5.86,12,79.51,Medium,2025-07-30,3,Late,0,0,0,1,1,1,Average,No
573,6.61,,6.61,Declining,18,16,18,16,88.89,6.61,16,80.95,Medium,2025-07-30,3,Late,0,0,0,1,2,1,Average,No
574,4.74,,4.74,Stable,24,18,24,18,75.0,4.74,18,80.68,High,2025-07-28,1,On Time,0,0,0,1,1,1,Below Average,Yes
575,6.48,,6.48,Stable,20,16,20,16,80.0,6.48,16,72.51,Medium,2025-07-27,0,On Time,0,0,0,1,0,0,Average,No
576,10.08,,10.08,Declining,18,17,18,17,94.44,10.08,17,77.33,Low,2025-07-27,0,On Time,0,0,0,1,0,0,Excellent,No
577,6.1,,6.1,Improving,22,18,22,18,81.82,6.1,18,70.45,Medium,2025-07-30,3,Late,0,0,0,1,0,0,Average,No
578,7.18,,7.18,Stable,20,18,20,18,90.0,7.18,18,77.58,Low,2025-07-27,0,On Time,0,1,1,1,0,0,Good,No
579,8.51,7.54,7.93,Improving,18,15,36,31,86.11,8.51,15,90.81,Low,2025-07-27,0,On Time,1,0,1,2,0,0,Good,No
580,6.8,5.86,6.24,Improving,18,14,36,29,80.56,6.8,14,94.9,Medium,2025-07-30,3,Late,1,1,2,2,1,1,Average,No
581,6.39,5.76,6.01,Improving,24,21,48,42,87.5,6.39,21,80.37,Medium,2025-07-27,0,On Time,1,0,1,2,0,0,Average,No
582,7.98,7.88,7.92,Stable,18,14,36,29,80.56,7.98,14,78.18,Low,2025-07-28,1,On Time,0,0,0,2,0,0,Good,No
583,8.1,8.23,8.18,Stable,22,21,44,42,95.45,8.1,21,90.66,Low,2025-08-01,5,Late,0,0,0,2,0,0,Good,No
584,7.31,7.37,7.35,Stable,24,19,48,38,79.17,7.31,19,68.83,Low,2025-07-27,0,On Time,0,0,0,2,0,0,Good,No
585,6.11,7.46,6.92,Declining,24,20,48,41,85.42,6.11,20,93.66,Medium,2025-07-28,1,On Time,0,0,0,2,0,0,Average,No
586,7.15,7.16,7.16,Stable,24,21,48,42,87.5,7.15,21,80.05,Low,2025-07-27,0,On Time,0,0,0,2,0,0,Good,No
587,7.28,7.39,7.35,Stable,22,19,44,39,88.64,7.28,19,84.37,Low,2025-07-28,1,On Time,1,0,1,2,1,1,Good,No
588,5.74,5.98,5.88,Stable,22,15,44,31,70.45,5.74,15,64.41,Medium,2025-07-27,0,On Time,0,0,0,2,2,1,Average,No
589,6.18,6.09,6.13,Stable,20,17,40,34,85.0,6.18,17,77.28,Medium,2025-07-27,0,On Time,2,0,2,2,0,0,Average,No
590,6.87,6.84,6.85,Stable,22,19,44,38,86.36,6.87,19,70.99,Medium,2025-07-27,0,On Time,0,0,0,2,1,1,Average,No
591,6.08,6.16,6.13,Stable,20,17,40,35,87.5,6.08,17,62.16,Medium,2025-07-27,0,On Time,0,0,0,2,1,1,Average,No
592,5.58,5.34,5.44,Stable,20,15,40,31,77.5,5.58,15,90.48,Medium,2025-07-27,0,On Time,2,0,2,2,0,0,Below Average,No
593,4.12,5.59,5.0,Declining,20,16,40,33,82.5,4.12,16,70.33,High,2025-07-27,0,On Time,0,1,1,2,1,1,Below Average,No
594,8.45,8.53,8.5,Stable,24,23,48,46,95.83,8.45,23,68.07,Low,2025-07-30,3,Late,0,0,0,2,0,0,Excellent,No
595,6.22,6.33,6.29,Stable,24,22,48,44,91.67,6.22,22,83.17,Medium,2025-07-27,0,On Time,1,0,1,2,1,1,Average,No
596,6.53,6.63,6.59,Stable,24,19,48,39,81.25,6.53,19,71.9,Medium,2025-07-27,0,On Time,1,0,1,2,0,0,Average,No
597,5.98,6.09,6.05,Stable,24,22,48,44,91.67,5.98,22,85.4,Medium,2025-07-28,1,On Time,2,0,2,2,2,0,Average,No
598,7.57,6.33,6.83,Improving,18,15,36,30,83.33,7.57,15,76.87,Low,2025-07-30,3,Late,0,0,0,2,1,0,Average,No
599,6.74,5.47,5.98,Improving,22,13,66,39,59.09,5.22,38,90.51,Low,2025-07-27,0,On Time,1,0,1,3,1,1,Average,No
600,6.36,7.41,6.99,Declining,20,16,60,49,81.67,6.31,42,68.34,Low,2025-08-01,5,Late,1,0,1,3,0,0,Average,No
601,7.99,7.73,7.83,Stable,24,20,72,62,86.11,6.98,44,87.16,Low,2025-08-11,15,Very Late,0,1,1,3,0,0,Good,No
602,4.26,4.98,4.69,Declining,18,13,54,41,75.93,3.88,42,78.96,Low,2025-07-27,0,On Time,1,0,1,3,4,0,Below Average,Yes
603,7.27,6.61,6.87,Improving,24,19,72,57,79.17,6.36,36,91.76,Low,2025-07-28,1,On Time,0,0,0,3,0,0,Average,No
604,6.4,7.81,7.25,Declining,18,16,54,48,88.89,6.78,40,90.68,Low,2025-08-01,5,Late,0,0,0,3,0,0,Good,No
605,8.33,8.04,8.16,Stable,24,23,72,71,98.61,7.31,40,77.29,Low,2025-07-28,1,On Time,0,0,0,3,0,0,Good,No
606,5.27,6.0,5.71,Declining,24,17,72,52,72.22,5.61,36,68.11,Low,2025-07-27,0,On Time,0,0,0,3,0,0,Average,No
607,8.25,8.24,8.24,Stable,24,23,72,69,95.83,8.34,44,74.99,Low,2025-07-29,2,On Time,0,0,0,3,0,0,Good,No
608,7.71,6.99,7.28,Improving,20,18,60,54,90.0,6.64,40,73.93,Low,2025-08-01,5,Late,0,0,0,3,0,0,Good,No
609,7.49,6.15,6.69,Improving,20,16,60,49,81.67,6.85,42,90.85,Low,2025-07-27,0,On Time,0,0,0,3,1,1,Average,No
610,5.15,5.34,5.26,Stable,20,14,60,42,70.0,4.8,36,78.35,Low,2025-07-28,1,On Time,0,0,0,3,1,1,Below Average,No
611,5.11,5.12,5.12,Stable,18,14,54,42,77.78,4.77,44,71.0,Low,2025-07-30,3,Late,0,0,0,3,1,1,Below Average,No
612,6.21,5.51,5.79,Improving,18,13,54,39,72.22,5.24,36,75.18,Low,2025-07-30,3,Late,2,0,2,3,0,0,Average,No
613,6.9,6.65,6.75,Stable,22,20,66,61,92.42,6.92,36,74.83,Low,2025-07-27,0,On Time,1,0,1,3,1,1,Average,No
614,7.4,7.4,7.4,Stable,22,18,66,55,83.33,7.67,36,87.63,Low,2025-07-27,0,On Time,1,0,1,3,1,0,Good,No
615,6.02,5.25,5.56,Improving,22,14,66,42,63.64,5.1,36,83.41,Low,2025-07-27,0,On Time,0,0,0,3,2,1,Average,No
616,8.07,7.89,7.96,Stable,20,18,60,54,90.0,7.24,42,71.53,Low,2025-07-27,0,On Time,0,0,0,3,0,0,Good,No
617,5.35,5.45,5.41,Stable,18,11,54,34,62.96,5.09,42,73.9,Low,2025-07-27,0,On Time,0,1,1,3,0,0,Below Average,No
618,6.87,5.58,6.1,Improving,18,17,72,68,94.44,5.95,42,83.26,Low,2025-07-28,1,On Time,1,0,1,4,0,0,Average,No
619,8.2,7.04,7.5,Improving,24,19,96,77,80.21,7.78,44,70.91,Low,2025-07-27,0,On Time,0,0,0,4,0,0,Good,No
620,7.73,7.79,7.77,Stable,20,17,80,71,88.75,8.13,42,82.51,Low,2025-07-28,1,On Time,1,0,1,4,0,0,Good,No
621,7.69,7.55,7.61,Stable,24,19,96,77,80.21,7.85,42,80.68,Low,2025-07-27,0,On Time,0,0,0,4,0,0,Good,No
622,7.84,8.07,7.98,Stable,18,16,72,67,93.06,7.78,42,71.33,Low,2025-07-27,0,On Time,0,0,0,4,0,0,Good,No
623,7.89,6.49,7.05,Improving,18,14,72,58,80.56,7.26,38,75.11,Low,2025-07-27,0,On Time,0,0,0,4,0,0,Good,No
624,6.36,7.84,7.25,Declining,24,21,96,87,90.62,7.08,38,74.18,Low,2025-07-28,1,On Time,0,0,0,4,0,0,Good,No
625,5.64,6.96,6.43,Declining,24,21,96,87,90.62,5.68,44,73.75,Low,2025-07-27,0,On Time,1,0,1,4,1,1,Average,No
626,8.35,8.29,8.31,Stable,22,21,88,84,95.45,8.62,38,70.14,Low,2025-07-30,3,Late,0,1,1,4,0,0,Good,No
627,7.61,6.21,6.77,Improving,20,16,80,64,80.0,6.72,38,68.52,Low,2025-07-27,0,On Time,2,0,2,4,0,0,Average,No
628,7.55,7.53,7.54,Stable,20,16,80,66,82.5,7.98,36,73.6,Low,2025-07-27,0,On Time,0,0,0,4,0,0,Good,No
629,7.47,7.41,7.43,Stable,18,15,72,62,86.11,7.36,42,92.9,Low,2025-07-27,0,On Time,0,0,0,4,1,1,Good,No
630,6.24,5.37,5.72,Improving,18,11,72,46,63.89,5.03,40,87.9,Low,2025-07-29,2,On Time,1,0,1,4,1,1,Average,No
631,7.16,6.93,7.02,Stable,24,22,96,88,91.67,6.07,38,75.93,Low,2025-07-27,0,On Time,0,1,1,4,0,0,Good,No
632,4.71,5.71,5.31,Declining,24,18,96,72,75.0,4.41,40,65.27,Low,2025-07-27,0,On Time,0,0,0,4,0,0,Below Average,No
633,7.87,7.12,7.42,Improving,24,19,96,77,80.21,7.87,40,72.31,Low,2025-07-30,3,Late,0,0,0,4,0,0,Good,No
634,7.64,6.74,7.1,Improving,22,18,88,74,84.09,6.89,38,72.47,Low,2025-07-28,1,On Time,0,0,0,4,0,0,Good,No
635,6.46,5.02,5.6,Improving,18,13,72,52,72.22,5.15,40,80.55,Low,2025-08-03,7,Late,0,0,0,4,1,1,Average,No
636,5.07,6.2,5.75,Declining,18,13,72,55,76.39,5.2,44,87.11,Low,2025-08-01,5,Late,1,0,1,4,2,1,Average,No
637,7.08,6.92,6.98,Stable,24,21,120,106,88.33,6.48,36,87.97,Low,2025-07-30,3,Late,0,0,0,5,0,0,Average,No
638,8.23,8.18,8.2,Stable,22,20,110,104,94.55,7.56,42,71.33,Low,2025-07-28,1,On Time,0,0,0,5,1,0,Good,No
639,6.47,7.27,6.95,Declining,24,22,120,112,93.33,6.38,44,71.48,Low,2025-07-27,0,On Time,0,0,0,5,0,0,Average,No
640,4.85,5.76,5.4,Declining,22,13,110,67,60.91,5.31,38,87.19,Low,2025-07-27,0,On Time,1,0,1,5,0,0,Below Average,No
641,6.2,5.59,5.83,Improving,22,15,110,78,70.91,5.29,44,92.13,Low,2025-07-30,3,Late,0,0,0,5,0,0,Average,No
642,6.6,6.34,6.44,Stable,18,16,90,80,88.89,5.92,38,87.85,Low,2025-07-30,3,Late,1,0,1,5,0,0,Average,No
643,6.23,6.45,6.36,Stable,18,16,90,82,91.11,6.12,38,65.68,Low,2025-07-27,0,On Time,0,0,0,5,1,1,Average,No
644,4.24,4.87,4.62,Declining,18,11,90,58,64.44,4.47,36,69.85,Low,2025-07-27,0,On Time,1,0,1,5,3,2,Below Average,Yes
645,7.99,8.09,8.05,Stable,22,21,110,105,95.45,8.45,42,89.6,Low,2025-07-28,1,On Time,1,0,1,5,0,0,Good,No
646,6.46,6.68,6.59,Stable,22,20,110,103,93.64,6.44,44,69.08,Low,2025-07-27,0,On Time,0,0,0,5,1,1,Average,No
647,5.13,4.89,4.99,Stable,18,14,90,70,77.78,5.28,40,74.22,Low,2025-07-29,2,On Time,3,0,3,5,2,1,Below Average,Yes
648,6.44,7.03,6.79,Declining,22,18,110,93,84.55,7.2,40,66.58,Low,2025-07-27,0,On Time,2,0,2,5,0,0,Average,No
649,7.3,7.5,7.42,Stable,24,20,120,101,84.17,7.05,40,88.99,Low,2025-07-27,0,On Time,0,1,1,5,0,0,Good,No
650,5.26,6.66,6.1,Declining,22,19,110,99,90.0,5.98,42,78.39,Low,2025-07-28,1,On Time,0,0,0,5,0,0,Average,No
651,6.72,7.7,7.31,Declining,18,15,90,77,85.56,6.64,38,81.68,Low,2025-07-28,1,On Time,0,1,1,5,0,0,Good,No
652,5.53,5.62,5.58,Stable,18,14,90,74,82.22,5.71,38,90.5,Low,2025-08-06,10,Very Late,0,0,0,5,0,0,Average,No
653,6.26,6.11,6.17,Stable,18,15,90,79,87.78,6.15,44,85.73,Low,2025-08-03,7,Late,0,0,0,5,2,0,Average,No
654,4.75,5.42,5.15,Declining,20,14,120,84,70.0,5.0,38,69.69,Low,2025-07-27,0,On Time,1,0,1,6,0,0,Below Average,No
655,5.89,5.7,5.78,Stable,20,15,120,93,77.5,4.85,42,93.88,Low,2025-07-27,0,On Time,1,0,1,6,0,0,Average,No
656,5.62,5.33,5.45,Stable,22,16,132,97,73.48,4.7,36,73.64,Low,2025-07-27,0,On Time,0,0,0,6,1,1,Below Average,No
657,5.83,5.61,5.7,Stable,22,16,132,96,72.73,6.02,40,71.06,Low,2025-08-03,7,Late,0,0,0,6,0,0,Average,No
658,6.27,4.88,5.44,Improving,20,15,120,91,75.83,5.84,44,80.77,Low,2025-07-27,0,On Time,1,0,1,6,0,0,Below Average,No
659,5.18,5.45,5.34,Stable,20,15,120,92,76.67,5.24,36,72.27,Low,2025-07-27,0,On Time,0,0,0,6,1,1,Below Average,No
660,6.41,6.27,6.33,Stable,22,19,132,115,87.12,5.55,36,66.36,Low,2025-07-27,0,On Time,1,0,1,6,0,0,Average,No
661,7.27,5.94,6.47,Improving,18,15,108,91,84.26,5.79,40,76.85,Low,2025-07-27,0,On Time,1,0,1,6,2,0,Average,No
662,7.33,7.31,7.32,Stable,20,16,120,101,84.17,7.33,42,73.3,Low,2025-07-27,0,On Time,0,0,0,6,0,0,Good,No
663,6.39,6.24,6.3,Stable,24,20,144,121,84.03,6.59,44,68.42,Low,2025-07-27,0,On Time,1,0,1,6,0,0,Average,No
664,4.35,5.77,5.2,Declining,20,15,120,95,79.17,5.48,42,83.15,Low,2025-08-06,10,Very Late,0,0,0,6,2,2,Below Average,No
665,5.81,5.92,5.88,Stable,20,16,120,96,80.0,5.99,40,69.25,Low,2025-07-30,3,Late,2,0,2,6,1,0,Average,No
666,8.14,7.95,8.03,Stable,18,17,108,102,94.44,7.89,42,66.83,Low,2025-07-27,0,On Time,0,0,0,6,0,0,Good,No
667,7.11,6.91,6.99,Stable,24,19,144,117,81.25,7.4,44,87.6,Low,2025-07-30,3,Late,1,0,1,6,0,0,Average,No
668,6.94,8.1,7.64,Declining,24,20,144,122,84.72,6.86,44,87.39,Low,2025-07-29,2,On Time,0,0,0,6,1,0,Good,No
669,7.81,7.18,7.43,Improving,18,15,108,90,83.33,7.33,44,83.36,Low,2025-07-27,0,On Time,0,0,0,6,0,0,Good,No
670,4.06,5.36,4.84,Declining,20,13,120,80,66.67,4.14,40,86.98,Low,2025-07-28,1,On Time,3,0,3,6,1,0,Below Average,Yes
671,5.4,6.86,6.28,Declining,22,18,132,110,83.33,6.21,42,82.31,Low,2025-07-27,0,On Time,0,0,0,6,2,2,Average,No
672,4.97,5.86,5.5,Declining,18,13,126,96,76.19,5.94,40,71.91,Low,2025-08-06,10,Very Late,1,0,1,7,1,1,Average,No
673,5.56,6.56,6.16,Declining,20,18,140,128,91.43,6.22,40,75.35,Low,2025-08-03,7,Late,0,0,0,7,0,0,Average,No
674,6.68,6.55,6.6,Stable,18,15,126,108,85.71,6.38,42,76.83,Low,2025-07-27,0,On Time,0,0,0,7,0,0,Average,No
675,6.7,7.41,7.13,Declining,22,20,154,145,94.16,7.53,38,65.94,Low,2025-07-28,1,On Time,0,0,0,7,0,0,Good,No
676,6.76,8.07,7.55,Declining,22,18,154,128,83.12,6.85,44,75.11,Low,2025-07-27,0,On Time,0,0,0,7,0,0,Good,No
677,7.25,6.16,6.6,Improving,18,15,126,106,84.13,6.49,42,88.63,Low,2025-07-29,2,On Time,1,0,1,7,0,0,Average,No
678,6.42,6.43,6.43,Stable,20,17,140,124,88.57,6.64,40,84.22,Low,2025-07-27,0,On Time,0,0,0,7,2,2,Average,No
679,5.01,4.88,4.93,Stable,20,12,140,86,61.43,5.23,44,84.72,Low,2025-07-27,0,On Time,1,0,1,7,0,0,Below Average,Yes
680,5.85,5.84,5.84,Stable,18,13,126,91,72.22,5.87,38,85.84,Low,2025-07-27,0,On Time,0,0,0,7,2,2,Average,No
681,6.02,5.12,5.48,Improving,20,15,140,109,77.86,5.74,36,65.31,Low,2025-07-27,0,On Time,0,0,0,7,1,1,Below Average,No
682,6.17,6.3,6.25,Stable,18,16,126,112,88.89,6.34,40,89.22,Low,2025-07-29,2,On Time,2,0,2,7,1,1,Average,No
683,6.68,5.97,6.25,Improving,20,17,140,120,85.71,6.22,40,92.33,Low,2025-08-01,5,Late,0,0,0,7,1,1,Average,No
684,6.72,7.6,7.25,Declining,24,22,168,157,93.45,7.45,44,86.66,Low,2025-07-30,3,Late,0,0,0,7,0,0,Good,No
685,6.84,5.46,6.01,Improving,20,17,140,125,89.29,5.42,40,79.76,Low,2025-07-27,0,On Time,0,0,0,7,1,0,Average,No
686,7.1,7.04,7.06,Stable,22,19,154,136,88.31,6.84,42,84.86,Low,2025-08-01,5,Late,0,1,1,7,1,1,Good,No
687,6.01,5.87,5.93,Stable,18,13,126,94,74.6,5.98,44,71.06,Low,2025-07-28,1,On Time,0,0,0,7,2,2,Average,No
688,7.67,7.72,7.7,Stable,20,18,160,146,91.25,7.98,44,68.89,Low,2025-08-01,5,Late,1,0,1,8,0,0,Good,No
689,5.59,6.75,6.29,Declining,20,18,160,151,94.38,5.65,38,67.51,Low,2025-07-27,0,On Time,0,0,0,8,1,1,Average,No
690,6.36,6.59,6.5,Stable,20,17,160,139,86.88,6.22,44,90.17,Low,2025-07-29,2,On Time,2,0,2,8,0,0,Average,No
691,8.3,8.4,8.36,Stable,24,23,192,187,97.4,7.7,36,65.27,Low,2025-07-27,0,On Time,1,0,1,8,0,0,Good,No
692,6.32,5.21,5.65,Improving,20,12,160,97,60.62,4.82,44,75.12,Low,2025-07-29,2,On Time,1,0,1,8,1,0,Average,No
693,5.61,6.64,6.23,Declining,24,20,192,163,84.9,6.16,44,72.98,Low,2025-08-06,10,Very Late,2,0,2,8,0,0,Average,No
694,6.24,6.23,6.23,Stable,24,21,192,169,88.02,5.87,42,78.52,Low,2025-07-28,1,On Time,0,0,0,8,1,1,Average,No
695,7.36,6.06,6.58,Improving,18,15,144,121,84.03,6.33,36,91.91,Low,2025-07-30,3,Late,0,1,1,8,1,1,Average,No
696,5.15,4.86,4.98,Stable,24,17,192,137,71.35,4.62,36,76.51,Low,2025-08-06,10,Very Late,2,0,2,8,2,0,Below Average,Yes
697,5.62,6.15,5.94,Declining,22,14,176,119,67.61,5.28,38,79.53,Low,2025-07-27,0,On Time,0,0,0,8,2,1,Average,No
698,6.87,6.73,6.79,Stable,18,16,144,135,93.75,6.22,36,65.17,Low,2025-08-01,5,Late,1,0,1,8,1,1,Average,No
699,6.15,6.08,6.11,Stable,22,18,176,144,81.82,5.86,42,85.21,Low,2025-07-27,0,On Time,1,0,1,8,2,1,Average,No
700,4.27,5.45,4.98,Declining,22,15,176,126,71.59,4.69,36,92.02,Low,2025-07-27,0,On Time,2,0,2,8,1,1,Below Average,Yes
701,6.97,6.93,6.95,Stable,20,16,160,131,81.88,5.95,40,92.93,Low,2025-07-30,3,Late,0,0,0,8,0,0,Average,No
702,5.04,5.28,5.18,Stable,24,18,192,147,76.56,4.46,40,78.81,Low,2025-07-27,0,On Time,0,0,0,8,1,0,Below Average,No
703,5.26,5.16,5.2,Stable,18,11,144,93,64.58,4.44,40,86.19,Low,2025-07-27,0,On Time,0,0,0,8,1,1,Below Average,No
704,4.9,,4.9,Declining,20,14,20,14,70.0,4.9,14,67.47,High,2025-07-27,0,On Time,0,0,0,1,1,1,Below Average,Yes
705,6.54,,6.54,Declining,18,17,18,17,94.44,6.54,17,70.46,Medium,2025-07-27,0,On Time,0,0,0,1,0,0,Average,No
706,6.07,,6.07,Improving,24,21,24,21,87.5,6.07,21,75.16,Medium,2025-08-03,7,Late,0,0,0,1,1,1,Average,No
707,7.9,,7.9,Stable,22,19,22,19,86.36,7.9,19,87.61,Low,2025-07-27,0,On Time,0,1,1,1,1,1,Good,No
708,5.68,,5.68,Stable,22,15,22,15,68.18,5.68,15,64.71,Medium,2025-08-01,5,Late,0,0,0,1,1,1,Average,No
709,7.99,,7.99,Improving,24,22,24,22,91.67,7.99,22,64.31,Low,2025-07-27,0,On Time,0,0,0,1,0,0,Good,No
710,5.92,,5.92,Stable,24,17,24,17,70.83,5.92,17,74.45,Medium,2025-07-28,1,On Time,0,0,0,1,1,1,Average,No
711,5.9,,5.9,Stable,18,14,18,14,77.78,5.9,14,84.06,Medium,2025-07-28,1,On Time,0,0,0,1,1,1,Average,No
712,7.53,,7.53,Stable,20,17,20,17,85.0,7.53,17,75.1,Low,2025-07-27,0,On Time,0,0,0,1,0,0,Good,No
713,5.55,,5.55,Improving,20,16,20,16,80.0,5.55,16,91.53,Medium,2025-07-28,1,On Time,0,1,1,1,1,0,Average,No
714,4.36,,4.36,Stable,20,13,20,13,65.0,4.36,13,65.42,High,2025-07-29,2,On Time,0,0,0,1,3,1,Below Average,Yes
715,9.96,,9.96,Declining,24,22,24,22,91.67,9.96,22,88.76,Low,2025-08-01,5,Late,0,0,0,1,0,0,Excellent,No
716,9.18,,9.18,Stable,18,17,18,17,94.44,9.18,17,93.14,Low,2025-07-27,0,On Time,0,0,0,1,0,0,Excellent,No
717,7.87,,7.87,Stable,18,16,18,16,88.89,7.87,16,85.02,Low,2025-07-28,1,On Time,0,0,0,1,0,0,Good,No
718,8.55,,8.55,Stable,22,21,22,21,95.45,8.55,21,93.03,Low,2025-08-06,10,Very Late,0,0,0,1,0,0,Excellent,No
719,3.63,,3.63,Declining,20,10,20,10,50.0,3.63,10,90.05,High,2025-08-03,7,Late,0,0,0,1,1,1,Poor,Yes
720,8.12,,8.12,Stable,18,17,18,17,94.44,8.12,17,83.78,Low,2025-07-29,2,On Time,0,0,0,1,0,0,Good,No
721,6.22,,6.22,Stable,18,16,18,16,88.89,6.22,16,88.5,Medium,2025-07-28,1,On Time,0,0,0,1,0,0,Average,No
722,8.18,,8.18,Stable,18,17,18,17,94.44,8.18,17,65.2,Low,2025-08-01,5,Late,0,0,0,1,0,0,Good,No
723,6.37,,6.37,Stable,20,17,20,17,85.0,6.37,17,93.3,Medium,2025-07-27,0,On Time,0,0,0,1,0,0,Average,No
724,7.59,,7.59,Improving,20,18,20,18,90.0,7.59,18,62.73,Low,2025-07-29,2,On Time,0,0,0,1,0,0,Good,No
725,7.77,,7.77,Declining,24,19,24,19,79.17,7.77,19,69.74,Low,2025-07-28,1,On Time,0,0,0,1,1,0,Good,No
726,6.95,6.84,6.88,Stable,24,22,48,44,91.67,6.95,22,82.86,Medium,2025-07-27,0,On Time,0,0,0,2,0,0,Average,No
727,7.57,7.3,7.41,Stable,24,19,48,39,81.25,7.57,19,66.06,Low,2025-07-27,0,On Time,0,1,1,2,0,0,Good,No
728,6.94,6.42,6.63,Improving,20,17,40,34,85.0,6.94,17,77.07,Medium,2025-08-01,5,Late,0,0,0,2,0,0,Average,No
729,5.06,5.18,5.13,Stable,24,17,48,35,72.92,5.06,17,82.99,Medium,2025-07-27,0,On Time,1,0,1,2,2,2,Below Average,No
730,6.97,7.79,7.46,Declining,20,16,40,32,80.0,6.97,16,86.67,Medium,2025-07-27,0,On Time,0,0,0,2,0,0,Good,No
731,5.45,5.7,5.6,Stable,20,15,40,30,75.0,5.45,15,77.83,Medium,2025-07-27,0,On Time,0,0,0,2,0,0,Average,No
732,7.18,6.97,7.05,Stable,22,18,44,37,84.09,7.18,18,75.17,Low,2025-07-28,1,On Time,1,0,1,2,0,0,Good,No
733,6.99,6.82,6.89,Stable,24,20,48,40,83.33,6.99,20,86.84,Medium,2025-07-27,0,On Time,0,0,0,2,0,0,Average,No
734,7.71,7.7,7.7,Stable,24,19,48,38,79.17,7.71,19,93.2,Low,2025-07-29,2,On Time,0,0,0,2,0,0,Good,No
735,7.51,6.12,6.68,Improving,18,14,36,29,80.56,7.51,14,84.44,Low,2025-07-27,0,On Time,0,0,0,2,1,1,Average,No
736,4.63,5.85,5.36,Declining,18,14,36,29,80.56,4.63,14,88.53,High,2025-07-30,3,Late,0,0,0,2,1,0,Below Average,No
737,6.67,6.82,6.76,Stable,22,19,44,39,88.64,6.67,19,94.88,Medium,2025-07-27,0,On Time,1,0,1,2,1,1,Average,No
738,6.69,6.84,6.78,Stable,20,17,40,34,85.0,6.69,17,65.18,Medium,2025-07-27,0,On Time,2,0,2,2,1,1,Average,No
739,6.42,6.25,6.32,Stable,24,21,48,42,87.5,6.42,21,75.89,Medium,2025-07-29,2,On Time,0,0,0,2,2,2,Average,No
740,8.23,8.46,8.37,Stable,18,17,36,35,97.22,8.23,17,79.95,Low,2025-07-27,0,On Time,0,0,0,2,0,0,Good,No
741,7.81,6.42,6.98,Improving,22,18,44,37,84.09,7.81,18,76.14,Low,2025-07-29,2,On Time,1,0,1,2,0,0,Average,No
742,5.48,5.27,5.35,Stable,20,16,40,32,80.0,5.48,16,76.13,Medium,2025-07-27,0,On Time,0,0,0,2,0,0,Below Average,No
743,7.96,7.73,7.82,Stable,20,17,40,34,85.0,7.96,17,71.92,Low,2025-07-30,3,Late,0,1,1,2,1,1,Good,No
744,8.84,7.47,8.02,Improving,24,23,48,46,95.83,8.84,23,78.37,Low,2025-07-27,0,On Time,0,0,0,2,0,0,Good,No
745,6.17,7.52,6.98,Declining,24,19,48,39,81.25,6.17,19,92.0,Medium,2025-07-27,0,On Time,0,0,0,2,0,0,Average,No
746,6.89,6.97,6.94,Stable,22,19,44,39,88.64,6.89,19,91.61,Medium,2025-07-27,0,On Time,1,0,1,2,0,0,Average,No
747,7.92,7.62,7.74,Stable,22,19,44,38,86.36,7.92,19,75.94,Low,2025-07-27,0,On Time,0,0,0,2,0,0,Good,No
748,8.07,8.36,8.24,Stable,18,17,36,35,97.22,8.07,17,64.68,Low,2025-07-27,0,On Time,0,0,0,2,0,0,Good,No
749,5.14,4.85,4.97,Stable,22,15,66,47,71.21,4.12,38,87.02,Low,2025-07-28,1,On Time,0,0,0,3,0,0,Below Average,Yes
750,8.15,7.31,7.65,Improving,22,20,66,60,90.91,7.73,38,67.69,Low,2025-07-27,0,On Time,1,0,1,3,0,0,Good,No
751,5.09,5.84,5.54,Declining,18,14,54,43,79.63,5.9,42,89.1,Low,2025-07-27,0,On Time,1,0,1,3,0,0,Average,No
752,7.13,6.03,6.47,Improving,18,16,54,50,92.59,6.64,38,92.42,Low,2025-07-27,0,On Time,1,0,1,3,0,0,Average,No
753,5.27,5.03,5.13,Stable,24,17,72,52,72.22,5.6,40,67.33,Low,2025-07-27,0,On Time,0,0,0,3,1,1,Below Average,No
754,7.72,7.99,7.88,Stable,22,20,66,61,92.42,7.16,42,74.2,Low,2025-07-30,3,Late,0,0,0,3,0,0,Good,No
755,5.35,5.19,5.25,Stable,22,16,66,48,72.73,4.92,38,66.7,Low,2025-07-28,1,On Time,0,0,0,3,1,1,Below Average,No
756,4.39,5.52,5.07,Declining,18,11,54,34,62.96,5.1,42,76.91,Low,2025-07-30,3,Late,0,0,0,3,1,1,Below Average,No
757,7.13,7.25,7.2,Stable,24,19,72,58,80.56,6.54,44,66.88,Low,2025-07-27,0,On Time,0,0,0,3,0,0,Good,No
758,7.05,7.04,7.04,Stable,24,19,72,58,80.56,6.2,42,83.32,Low,2025-07-28,1,On Time,0,0,0,3,0,0,Good,No
759,7.0,7.08,7.05,Stable,18,16,54,48,88.89,6.75,36,85.75,Low,2025-07-27,0,On Time,0,0,0,3,0,0,Good,No
760,6.87,7.15,7.04,Stable,24,19,72,58,80.56,7.04,38,71.04,Low,2025-07-30,3,Late,0,0,0,3,1,1,Good,No
761,7.61,6.47,6.93,Improving,22,19,66,58,87.88,6.34,44,94.03,Low,2025-08-01,5,Late,0,0,0,3,1,0,Average,No
762,6.69,6.73,6.71,Stable,22,19,66,59,89.39,6.1,44,89.59,Low,2025-07-27,0,On Time,0,0,0,3,0,0,Average,No
763,6.91,6.89,6.9,Stable,22,18,66,55,83.33,6.23,36,72.51,Low,2025-07-28,1,On Time,2,0,2,3,0,0,Average,No
764,5.62,5.76,5.7,Stable,24,15,72,46,63.89,5.04,44,94.85,Low,2025-07-28,1,On Time,2,0,2,3,0,0,Average,No
765,4.43,5.65,5.16,Declining,22,14,66,43,65.15,4.68,40,94.7,Low,2025-07-27,0,On Time,0,0,0,3,0,0,Below Average,No
766,6.9,6.17,6.46,Improving,20,17,60,51,85.0,6.07,40,87.74,Low,2025-07-28,1,On Time,2,0,2,3,1,1,Average,No
767,6.45,7.78,7.25,Declining,24,21,72,65,90.28,6.37,40,84.63,Low,2025-07-27,0,On Time,0,0,0,3,0,0,Good,No
768,5.39,6.21,5.88,Declining,20,16,60,50,83.33,5.96,36,94.04,Low,2025-08-01,5,Late,0,0,0,3,1,1,Average,No
769,5.33,5.46,5.41,Stable,22,17,66,53,80.3,4.91,42,67.57,Low,2025-07-29,2,On Time,0,0,0,3,2,1,Below Average,No
770,6.23,7.59,7.05,Declining,20,18,80,74,92.5,6.09,38,94.83,Low,2025-07-27,0,On Time,0,1,1,4,0,0,Good,No
771,5.87,6.67,6.35,Declining,20,17,80,69,86.25,6.01,40,71.86,Low,2025-07-27,0,On Time,0,0,0,4,1,1,Average,No
772,6.16,5.92,6.02,Stable,24,20,96,81,84.38,5.64,36,86.77,Low,2025-07-30,3,Late,1,0,1,4,1,0,Average,No
773,6.13,7.07,6.69,Declining,20,17,80,70,87.5,7.1,40,82.57,Low,2025-07-27,0,On Time,2,0,2,4,0,0,Average,No
774,5.96,5.8,5.86,Stable,24,18,96,74,77.08,5.87,40,93.81,Low,2025-08-11,15,Very Late,1,1,2,4,0,0,Average,No
775,7.64,6.38,6.88,Improving,20,16,80,66,82.5,5.88,38,72.56,Low,2025-08-11,15,Very Late,0,0,0,4,1,1,Average,No
776,5.39,5.3,5.34,Stable,24,15,96,61,63.54,5.65,40,86.76,Low,2025-08-06,10,Very Late,0,0,0,4,0,0,Below Average,No
777,8.76,7.81,8.19,Improving,22,21,88,84,95.45,7.48,42,65.08,Low,2025-07-27,0,On Time,0,0,0,4,1,1,Good,No
778,6.82,7.48,7.22,Declining,22,18,88,75,85.23,7.13,42,91.03,Low,2025-07-28,1,On Time,0,0,0,4,0,0,Good,No
779,5.0,5.57,5.34,Declining,18,11,72,46,63.89,5.68,38,76.6,Low,2025-07-27,0,On Time,1,1,2,4,2,1,Below Average,No
780,6.61,5.69,6.06,Improving,22,19,88,76,86.36,6.31,38,81.6,Low,2025-07-27,0,On Time,0,0,0,4,1,0,Average,No
781,7.57,7.32,7.42,Stable,20,17,80,68,85.0,7.36,42,77.56,Low,2025-07-27,0,On Time,0,0,0,4,0,0,Good,No
782,4.58,5.32,5.02,Declining,20,16,80,64,80.0,5.44,44,87.36,Low,2025-07-27,0,On Time,0,0,0,4,1,1,Below Average,No
783,7.43,7.15,7.26,Stable,18,15,72,61,84.72,7.41,42,72.57,Low,2025-08-06,10,Very Late,0,1,1,4,0,0,Good,No
784,5.66,6.76,6.32,Declining,20,18,80,75,93.75,5.94,38,79.27,Low,2025-07-27,0,On Time,0,1,1,4,1,1,Average,No
785,7.05,7.13,7.1,Stable,22,19,88,79,89.77,7.19,40,89.32,Low,2025-07-27,0,On Time,1,0,1,4,1,1,Good,No
786,7.48,7.33,7.39,Stable,24,22,96,88,91.67,7.03,40,75.61,Low,2025-08-03,7,Late,1,0,1,4,0,0,Good,No
787,6.11,6.06,6.08,Stable,22,19,88,77,87.5,5.3,38,85.18,Low,2025-07-27,0,On Time,0,1,1,4,2,0,Average,No
788,6.93,6.92,6.92,Stable,24,20,96,80,83.33,6.63,44,87.11,Low,2025-07-27,0,On Time,0,0,0,4,0,0,Average,No
789,4.16,4.89,4.6,Declining,22,18,88,73,82.95,3.72,40,66.99,Low,2025-07-27,0,On Time,0,0,0,4,3,2,Below Average,Yes
790,7.99,7.74,7.84,Stable,22,17,88,71,80.68,7.08,44,74.83,Low,2025-08-06,10,Very Late,0,0,0,4,0,0,Good,No
791,6.98,5.49,6.09,Improving,24,21,120,106,88.33,5.57,40,85.28,Low,2025-07-29,2,On Time,1,0,1,5,0,0,Average,No
792,6.5,5.49,5.89,Improving,24,20,120,100,83.33,5.22,44,84.74,Low,2025-07-27,0,On Time,1,1,2,5,0,0,Average,No
793,5.06,5.7,5.44,Declining,20,14,100,74,74.0,5.7,36,88.92,Low,2025-08-16,20,Very Late,0,0,0,5,0,0,Below Average,No
794,5.11,6.24,5.79,Declining,22,18,110,91,82.73,5.82,42,69.67,Low,2025-07-27,0,On Time,2,0,2,5,2,2,Average,No
795,7.51,7.26,7.36,Stable,24,20,120,101,84.17,6.84,36,72.06,Low,2025-07-27,0,On Time,0,0,0,5,0,0,Good,No
796,6.21,6.8,6.56,Declining,22,19,110,99,90.0,6.89,38,92.73,Low,2025-07-27,0,On Time,0,0,0,5,1,1,Average,No
797,7.16,7.09,7.12,Stable,24,19,120,99,82.5,6.69,36,76.73,Low,2025-07-28,1,On Time,0,0,0,5,0,0,Good,No
798,7.01,7.05,7.03,Stable,22,18,110,94,85.45,6.14,44,86.47,Low,2025-07-28,1,On Time,0,0,0,5,0,0,Good,No
799,6.53,6.79,6.69,Stable,22,18,110,94,85.45,6.18,36,78.78,Low,2025-07-27,0,On Time,0,1,1,5,0,0,Average,No
800,6.97,5.82,6.28,Improving,18,16,90,84,93.33,5.7,42,92.06,Low,2025-08-01,5,Late,0,0,0,5,0,0,Average,No
801,6.45,6.24,6.32,Stable,18,17,90,85,94.44,6.51,38,73.73,Low,2025-08-01,5,Late,0,0,0,5,0,0,Average,No
802,6.44,6.21,6.3,Stable,24,21,120,105,87.5,5.49,36,86.46,Low,2025-07-27,0,On Time,2,0,2,5,0,0,Average,No
803,5.65,5.69,5.67,Stable,22,15,110,79,71.82,5.47,44,86.89,Low,2025-07-28,1,On Time,0,0,0,5,0,0,Average,No
804,5.27,5.36,5.32,Stable,24,16,120,82,68.33,5.05,42,66.16,Low,2025-07-27,0,On Time,1,0,1,5,1,1,Below Average,No
805,7.63,7.77,7.71,Stable,20,17,100,85,85.0,6.88,38,87.61,Low,2025-07-27,0,On Time,0,0,0,5,0,0,Good,No
806,6.12,7.09,6.7,Declining,18,15,90,75,83.33,7.03,44,89.98,Low,2025-07-27,0,On Time,1,0,1,5,2,0,Average,No
807,6.48,5.44,5.86,Improving,20,15,100,79,79.0,6.33,38,88.72,Low,2025-07-27,0,On Time,1,0,1,5,1,1,Average,No
808,4.03,5.46,4.89,Declining,18,12,90,64,71.11,4.67,36,87.62,Low,2025-07-27,0,On Time,2,0,2,5,0,0,Below Average,Yes
809,8.32,8.03,8.15,Stable,18,17,90,87,96.67,7.19,44,75.37,Low,2025-07-27,0,On Time,1,0,1,5,0,0,Good,No
810,6.48,5.72,6.02,Improving,18,16,90,81,90.0,5.64,38,86.48,Low,2025-07-28,1,On Time,0,0,0,5,1,1,Average,No
811,5.13,6.58,6.0,Declining,18,14,108,87,80.56,5.9,40,77.16,Low,2025-07-27,0,On Time,0,0,0,6,0,0,Average,No
812,5.25,5.45,5.37,Stable,22,15,132,95,71.97,4.53,36,91.08,Low,2025-07-27,0,On Time,1,0,1,6,0,0,Below Average,No
813,4.64,5.22,4.99,Declining,18,13,108,83,76.85,4.17,44,92.48,Low,2025-07-27,0,On Time,1,1,2,6,2,2,Below Average,Yes
814,5.67,5.62,5.64,Stable,24,14,144,88,61.11,5.35,38,92.56,Low,2025-07-27,0,On Time,1,0,1,6,1,1,Average,No
815,5.03,5.73,5.45,Declining,20,15,120,95,79.17,5.71,36,67.42,Low,2025-07-28,1,On Time,0,0,0,6,0,0,Below Average,No
816,4.07,5.57,4.97,Declining,24,18,144,111,77.08,4.08,40,89.51,Low,2025-07-28,1,On Time,0,0,0,6,0,0,Below Average,Yes
817,8.78,7.7,8.13,Improving,24,23,144,140,97.22,7.24,40,94.2,Low,2025-07-27,0,On Time,0,0,0,6,0,0,Good,No
818,6.06,5.32,5.62,Improving,18,13,108,81,75.0,5.2,38,74.31,Low,2025-07-27,0,On Time,1,0,1,6,0,0,Average,No
819,5.95,5.68,5.79,Stable,24,19,144,119,82.64,6.27,40,68.24,Low,2025-07-27,0,On Time,0,0,0,6,2,2,Average,No
820,6.86,5.81,6.23,Improving,24,22,144,132,91.67,5.83,44,86.4,Low,2025-07-27,0,On Time,0,0,0,6,0,0,Average,No
821,7.08,7.07,7.07,Stable,24,19,144,117,81.25,7.5,40,92.1,Low,2025-08-01,5,Late,0,0,0,6,0,0,Good,No
822,4.65,5.35,5.07,Declining,24,16,144,98,68.06,4.98,36,86.03,Low,2025-07-27,0,On Time,1,0,1,6,1,1,Below Average,No
823,5.41,5.21,5.29,Stable,20,12,120,76,63.33,4.72,36,83.47,Low,2025-07-27,0,On Time,0,0,0,6,1,1,Below Average,No
824,7.59,7.46,7.51,Stable,20,17,120,104,86.67,7.2,44,94.77,Low,2025-07-28,1,On Time,0,0,0,6,0,0,Good,No
825,8.49,7.55,7.93,Improving,20,17,120,103,85.83,8.24,42,77.7,Low,2025-07-28,1,On Time,0,0,0,6,1,1,Good,No
826,5.73,5.83,5.79,Stable,22,18,132,111,84.09,5.66,36,91.22,Low,2025-07-27,0,On Time,0,0,0,6,1,1,Average,No
827,4.43,5.39,5.01,Declining,20,14,120,85,70.83,5.18,38,89.72,Low,2025-07-27,0,On Time,0,1,1,6,1,1,Below Average,No
828,8.48,7.29,7.77,Improving,22,20,132,125,94.7,7.75,36,73.67,Low,2025-07-27,0,On Time,0,0,0,6,0,0,Good,No
829,7.23,7.17,7.19,Stable,24,19,144,116,80.56,7.24,44,74.41,Low,2025-07-27,0,On Time,0,1,1,6,0,0,Good,No
830,7.45,6.44,6.84,Improving,22,20,132,124,93.94,6.89,36,70.5,Low,2025-07-30,3,Late,1,0,1,6,0,0,Average,No
831,7.24,6.16,6.59,Improving,18,14,126,102,80.95,6.44,44,88.25,Low,2025-07-27,0,On Time,0,0,0,7,1,0,Average,No
832,7.25,6.5,6.8,Improving,18,16,126,117,92.86,6.67,36,84.98,Low,2025-07-30,3,Late,1,0,1,7,1,1,Average,No
833,6.49,5.02,5.61,Improving,18,14,126,100,79.37,5.15,40,81.23,Low,2025-07-30,3,Late,0,0,0,7,0,0,Average,No
834,5.41,6.67,6.17,Declining,22,17,154,125,81.17,6.15,38,69.03,Low,2025-08-01,5,Late,2,0,2,7,2,2,Average,No
835,5.51,5.33,5.4,Stable,20,16,140,118,84.29,5.32,36,83.57,Low,2025-08-06,10,Very Late,1,0,1,7,0,0,Below Average,No
836,6.14,7.07,6.7,Declining,24,21,168,150,89.29,6.1,40,86.78,Low,2025-08-03,7,Late,0,0,0,7,0,0,Average,No
837,6.89,6.61,6.72,Stable,24,21,168,147,87.5,6.81,42,92.46,Low,2025-07-30,3,Late,0,0,0,7,0,0,Average,No
838,6.1,7.14,6.72,Declining,18,17,126,119,94.44,6.39,36,93.4,Low,2025-07-28,1,On Time,0,0,0,7,0,0,Average,No
839,7.24,7.49,7.39,Stable,20,16,140,112,80.0,7.21,40,86.97,Low,2025-07-27,0,On Time,0,0,0,7,0,0,Good,No
840,8.03,7.83,7.91,Stable,24,19,168,139,82.74,7.53,36,92.18,Low,2025-08-01,5,Late,0,0,0,7,0,0,Good,No
841,6.08,5.84,5.94,Stable,18,15,126,105,83.33,5.12,42,72.9,Low,2025-07-27,0,On Time,0,0,0,7,1,1,Average,No
842,7.59,7.66,7.63,Stable,24,19,168,135,80.36,7.07,36,68.52,Low,2025-08-01,5,Late,0,0,0,7,0,0,Good,No
843,6.65,6.45,6.53,Stable,24,22,168,155,92.26,5.93,44,74.8,Low,2025-08-03,7,Late,1,0,1,7,0,0,Average,No
844,8.07,8.27,8.19,Stable,18,17,126,120,95.24,8.16,36,67.63,Low,2025-07-28,1,On Time,0,0,0,7,1,1,Good,No
845,7.76,7.64,7.69,Stable,20,18,140,127,90.71,8.01,42,92.1,Low,2025-07-27,0,On Time,0,0,0,7,1,1,Good,No
846,7.25,6.46,6.78,Improving,20,17,140,122,87.14,6.85,38,65.27,Low,2025-07-29,2,On Time,0,0,0,7,0,0,Average,No
847,6.98,7.51,7.3,Declining,24,20,168,142,84.52,7.06,38,71.52,Low,2025-07-30,3,Late,1,0,1,7,0,0,Good,No
848,4.26,5.12,4.78,Declining,18,11,144,95,65.97,4.13,40,68.59,Low,2025-07-30,3,Late,2,0,2,8,0,0,Below Average,Yes
849,5.23,6.05,5.72,Declining,22,16,176,130,73.86,5.69,36,76.91,Low,2025-07-30,3,Late,0,0,0,8,1,0,Average,No
850,6.91,6.64,6.75,Stable,24,19,192,156,81.25,6.78,42,89.15,Low,2025-07-29,2,On Time,1,0,1,8,0,0,Average,No
851,5.73,5.79,5.77,Stable,20,12,160,103,64.38,6.25,38,72.61,Low,2025-07-27,0,On Time,1,0,1,8,0,0,Average,No
852,7.64,7.63,7.63,Stable,18,15,144,124,86.11,7.03,44,71.15,Low,2025-07-27,0,On Time,0,0,0,8,0,0,Good,No
853,5.12,5.33,5.25,Stable,18,13,144,106,73.61,5.47,40,86.91,Low,2025-07-28,1,On Time,0,0,0,8,2,1,Below Average,No
854,6.59,6.49,6.53,Stable,20,17,160,139,86.88,5.85,36,65.58,Low,2025-07-28,1,On Time,1,1,2,8,1,0,Average,No
855,6.52,7.38,7.04,Declining,22,20,176,162,92.05,7.25,40,90.11,Low,2025-07-29,2,On Time,0,0,0,8,0,0,Good,No
856,5.19,5.92,5.63,Declining,20,16,160,133,83.12,4.92,38,68.02,Low,2025-07-28,1,On Time,0,0,0,8,1,0,Average,No
857,6.37,6.62,6.52,Stable,24,22,192,180,93.75,6.7,44,78.05,Low,2025-07-27,0,On Time,1,0,1,8,0,0,Average,No
858,5.28,5.14,5.2,Stable,22,16,176,129,73.3,4.58,44,79.98,Low,2025-07-27,0,On Time,0,0,0,8,0,0,Below Average,No
859,7.91,7.66,7.76,Stable,18,15,144,120,83.33,8.12,36,93.76,Low,2025-07-27,0,On Time,0,0,0,8,0,0,Good,No
860,8.48,8.39,8.43,Stable,18,17,144,138,95.83,7.84,38,72.16,Low,2025-07-27,0,On Time,0,0,0,8,0,0,Good,No
861,8.62,7.56,7.98,Improving,22,17,176,141,80.11,7.89,42,81.58,Low,2025-07-30,3,Late,0,0,0,8,0,0,Good,No
862,5.7,5.89,5.81,Stable,24,18,192,149,77.6,5.93,36,78.58,Low,2025-07-29,2,On Time,0,0,0,8,0,0,Average,No
863,5.65,5.94,5.82,Stable,18,11,144,94,65.28,6.17,44,67.62,Low,2025-07-27,0,On Time,2,0,2,8,0,0,Average,No
864,6.15,6.32,6.25,Stable,18,15,144,125,86.81,6.1,44,80.73,Low,2025-07-27,0,On Time,1,0,1,8,0,0,Average,No
865,6.04,6.02,6.03,Stable,20,17,160,138,86.25,5.35,40,66.28,Low,2025-07-27,0,On Time,0,0,0,8,0,0,Average,No
